date,store_id,order_id,product_id,product_name,category,qty,price,discount,cost
2026-01-09,S01,ORD1001,P025,Шампунь 336,Косметика,4,145.06,0.12,68.33
2026-01-26,S02,ORD1001,P013,Обувь 452,Одежда,3,264.2,0.26,164.56
2026-01-25,S04,ORD1001,P028,Фрукты 831,Продукты,1,144.78,0.28,74.65
2026-01-08,S04,ORD1002,P003,Велосипед 587,Спорттовары,7,50.45,0.09,27.34
2026-01-12,S06,ORD1002,P010,Сыр 218,Продукты,10,95.91,0.07,46.52
2026-01-11,S01,ORD1002,P001,Машинка 380,Игрушки,6,95.43,0.22,55.66
2026-01-14,S03,ORD1002,P008,Планшет 671,Электроника,6,175.97,0.06,106.93
2026-01-15,S06,ORD1002,P030,Учебник 722,Книги,1,133.87,0.17,70.51
2026-01-11,S04,ORD1003,P003,Велосипед 587,Спорттовары,5,47.22,0.18,27.34
2026-01-11,S06,ORD1003,P014,Велосипед 249,Спорттовары,6,205.31,0.18,89.42
2026-01-15,S01,ORD1004,P013,Обувь 452,Одежда,5,301.27,0.2,164.56
2026-01-10,S04,ORD1004,P002,Велосипед 20,Спорттовары,8,169.75,0.15,70.77
2026-01-16,S01,ORD1005,P009,Ракетка 885,Спорттовары,2,119.62,0.18,64.37
2026-01-01,S03,ORD1005,P030,Учебник 722,Книги,5,-25.53,0.27,70.51
2026-01-21,S02,ORD1005,P014,Велосипед 249,Спорттовары,9,219.47,0.03,89.42
2025-12-28,S05,ORD1006,P030,Учебник 722,Книги,1,120.55,0.05,70.51
2026-01-04,S06,ORD1007,P005,Тушь 56,Косметика,7,80.79,0.21,54.42
2026-01-07,S05,ORD1007,P016,Футболка 476,Одежда,3,94.66,0.17,39.14
2026-01-03,S02,ORD1007,P027,Духи 975,Косметика,7,84.34,0.19,38.66
2026-01-18,S02,ORD1007,P009,Ракетка 885,Спорттовары,7,137.44,0.12,64.37
2026-01-05,S06,ORD1008,P021,Пазл 94,Игрушки,6,43.25,0.03,23.01
2025-12-28,S04,ORD1008,P026,Тушь 576,Косметика,8,77.37,0.09,56.91
2026-01-04,S03,ORD1008,P015,Пазл 138,Игрушки,7,150.21,0.07,73.72
2026-01-25,S04,ORD1008,P010,Сыр 218,Продукты,3,95.99,0.19,46.52
2026-01-07,S05,ORD1009,P030,Учебник 722,Книги,7,132.37,0.04,70.51
2026-01-25,S03,ORD1009,P028,Фрукты 831,Продукты,7,133.2,0.09,74.65
2026-01-27,S02,ORD1009,P001,Машинка 380,Игрушки,1,113.51,0.13,55.66
2026-01-25,S05,ORD1010,P024,Молоко 535,Продукты,6,149.47,0.1,95.23
2026-01-21,S03,ORD1011,P023,Мяч 526,Спорттовары,3,150.03,0.03,63.9
2026-01-27,S05,ORD1011,P028,Фрукты 831,Продукты,6,136.57,0.29,74.65
2026-01-03,S04,ORD1012,P015,Пазл 138,Игрушки,6,146.02,0.0,73.72
2026-01-23,S05,ORD1012,P024,Молоко 535,Продукты,7,124.6,0.06,95.23
2026-01-16,S02,ORD1012,P003,Велосипед 587,Спорттовары,6,54.23,0.17,27.34
2026-01-06,S03,ORD1012,P017,Пазл 934,Игрушки,8,114.5,0.29,48.73
2026-01-08,S03,ORD1012,P013,Обувь 452,Одежда,9,313.37,0.23,164.56
2026-01-14,S01,ORD1012,P020,Сыр 852,Продукты,5,70.01,0.15,41.59
2025-12-31,S06,ORD1013,P025,Шампунь 336,Косметика,10,149.38,0.02,68.33
2026-01-13,S01,ORD1013,P005,Тушь 56,Косметика,7,90.02,0.15,54.42
2025-12-31,S02,ORD1013,P023,Мяч 526,Спорттовары,4,164.06,0.12,63.9
2026-01-14,S05,ORD1014,P022,Ноутбук 326,Электроника,2,843.51,0.19,666.64
2026-01-04,S01,ORD1015,P014,Велосипед 249,Спорттовары,1,207.51,0.23,89.42
2026-01-14,S04,ORD1015,P010,Сыр 218,Продукты,1,102.16,0.22,46.52
2026-01-19,S01,ORD1016,P008,Планшет 671,Электроника,3,160.35,0.11,106.93
2026-01-02,S06,ORD1016,P001,Машинка 380,Игрушки,8,97.64,0.07,55.66
2026-01-18,S06,ORD1016,P023,Мяч 526,Спорттовары,1,142.51,0.15,63.9
2025-12-31,S06,ORD1016,P013,Обувь 452,Одежда,5,297.7,0.13,164.56
2026-01-20,S05,ORD1016,P026,Тушь 576,Косметика,3,74.2,0.29,56.91
2026-01-23,S05,ORD1016,P025,Шампунь 336,Косметика,4,142.12,0.12,68.33
2026-01-13,S02,ORD1017,P012,Кукла 282,Игрушки,10,164.44,0.17,95.39
2026-01-03,S02,ORD1017,P027,Духи 975,Косметика,8,75.22,0.2,38.66
2026-01-13,S05,ORD1018,P009,Ракетка 885,Спорттовары,5,120.69,0.21,64.37
2026-01-10,S06,ORD1018,P029,Джинсы 267,Одежда,6,104.89,0.01,65.05
2026-01-05,S03,ORD1019,P018,Детектив 359,Книги,9,148.75,0.11,81.01
2026-01-17,S01,ORD1019,P010,Сыр 218,Продукты,9,100.8,0.23,46.52
2026-01-26,S03,ORD1020,P002,Велосипед 20,Спорттовары,6,163.43,0.14,70.77
2026-01-26,S02,ORD1021,P024,Молоко 535,Продукты,5,135.35,0.24,95.23
2026-01-06,S02,ORD1022,P025,Шампунь 336,Косметика,3,143.8,0.16,68.33
2026-01-05,S05,ORD1022,P020,Сыр 852,Продукты,5,74.47,0.11,41.59
2026-01-12,S02,ORD1022,P017,Пазл 934,Игрушки,2,105.33,0.02,48.73
2026-01-01,S03,ORD1022,P007,Планшет 460,Электроника,5,466.08,0.22,335.42
2026-01-09,S05,ORD1023,P005,Тушь 56,Косметика,10,77.89,0.27,54.42
2026-01-15,S02,ORD1023,P011,Тушь 581,Косметика,10,132.89,0.22,64.99
2026-01-11,S01,ORD1023,P013,Обувь 452,Одежда,7,307.57,0.29,164.56
2025-12-28,S03,ORD1023,P018,Детектив 359,Книги,7,150.7,0.17,81.01
2026-01-08,S01,ORD1024,P011,Тушь 581,Косметика,2,136.21,0.8,64.99
2026-01-13,S01,ORD1024,P029,Джинсы 267,Одежда,4,98.36,0.27,65.05
2025-12-29,S04,ORD1025,P006,Молоко 255,Продукты,10,58.74,0.19,37.77
2026-01-06,S02,ORD1025,P002,Велосипед 20,Спорттовары,3,192.04,0.22,70.77
2026-01-13,S05,ORD1026,P015,Пазл 138,Игрушки,2,135.76,0.2,73.72
2026-01-16,S02,ORD1027,P006,Молоко 255,Продукты,1,62.9,0.24,37.77
2025-12-31,S04,ORD1027,P004,Учебник 814,Книги,3,103.85,0.22,46.39
2025-12-29,S06,ORD1027,P012,Кукла 282,,10,159.32,0.11,95.39
2026-01-26,S06,ORD1028,P019,Ракетка 236,Спорттовары,3,40.39,0.25,29.35
2026-01-15,S05,ORD1028,P005,Тушь 56,Косметика,4,90.56,0.14,54.42
2026-01-19,S03,ORD1028,P028,Фрукты 831,Продукты,10,140.38,0.04,74.65
2026-01-07,S06,ORD1029,P022,Ноутбук 326,Электроника,1,819.37,0.25,666.64
2026-01-22,S02,ORD1030,P027,Духи 975,Косметика,10,76.04,0.24,38.66
2026-01-01,S03,ORD1030,P011,Тушь 581,Косметика,4,135.12,0.28,64.99
2026-01-22,S05,ORD1030,P016,Футболка 476,Одежда,2,84.54,0.14,39.14
2026-01-10,S04,ORD1030,P021,Пазл 94,Игрушки,8,44.72,0.05,23.01
2026-01-23,S02,ORD1031,P018,Детектив 359,Книги,4,145.46,0.01,81.01
2026-01-02,S01,ORD1032,P026,Тушь 576,Косметика,6,81.31,0.12,56.91
2026-01-21,S02,ORD1033,P018,Детектив 359,Книги,6,-73.23,0.03,81.01
2026-01-17,S03,ORD1033,P008,Планшет 671,Электроника,6,178.04,0.28,106.93
2025-12-28,S04,ORD1034,P025,Шампунь 336,Косметика,4,146.46,0.3,68.33
2025-12-31,S03,ORD1034,P013,Обувь 452,Одежда,6,309.38,0.28,164.56
2026-01-27,S05,ORD1034,P015,Пазл 138,Игрушки,8,148.0,0.21,73.72
2026-01-19,S06,ORD1035,P001,Машинка 380,Игрушки,1,101.66,0.03,55.66
2026-01-05,S02,ORD1036,P001,Машинка 380,Игрушки,4,102.91,0.11,55.66
2026-01-21,S02,ORD1036,P011,Тушь 581,Косметика,8,132.76,0.28,64.99
2025-12-30,S02,ORD1037,P011,Тушь 581,Косметика,3,146.14,0.11,64.99
2026-01-09,S03,ORD1037,P001,Машинка 380,Игрушки,2,96.06,0.18,55.66
2026-01-03,S04,ORD1038,P001,Машинка 380,Игрушки,10,102.39,0.23,55.66
2026-01-27,S05,ORD1038,P018,Детектив 359,Книги,6,150.55,0.03,81.01
2026-01-14,S03,ORD1038,P002,Велосипед 20,Спорттовары,6,169.45,0.07,70.77
2026-01-20,S02,ORD1038,P016,Футболка 476,Одежда,4,93.02,0.21,39.14
2025-12-28,S03,ORD1039,P021,Пазл 94,Игрушки,4,44.87,0.05,23.01
2026-01-05,S01,ORD1039,P017,Пазл 934,Игрушки,9,106.82,0.14,48.73
2026-01-09,S03,ORD1039,P006,Молоко 255,Продукты,9,56.99,0.28,37.77
2025-12-31,S05,ORD1039,P008,Планшет 671,Электроника,3,172.11,0.02,106.93
2026-01-01,S02,ORD1040,P025,Шампунь 336,Косметика,1,155.62,0.23,68.33
2026-01-11,S06,ORD1040,P022,Ноутбук 326,,2,954.76,0.17,666.64
2026-01-22,S04,ORD1041,P013,Обувь 452,Одежда,9,313.76,0.14,164.56
2026-01-17,S06,ORD1041,P011,Тушь 581,Косметика,3,154.87,0.13,64.99
2026-01-05,S03,ORD1042,P001,Машинка 380,Игрушки,7,101.55,0.07,55.66
2025-12-31,S04,ORD1043,P023,Мяч 526,Спорттовары,2,147.74,0.29,63.9
2026-01-08,S04,ORD1043,P024,Молоко 535,Продукты,9,143.18,0.06,95.23
2026-01-08,S01,ORD1043,P019,Ракетка 236,,8,43.57,0.29,29.35
2026-01-19,S03,ORD1043,P017,Пазл 934,Игрушки,10,97.03,0.21,48.73
2026-01-13,S01,ORD1043,P022,Ноутбук 326,Электроника,5,906.38,0.27,666.64
2026-01-19,S01,ORD1044,P019,Ракетка 236,Спорттовары,6,44.32,0.25,29.35
2025-12-28,S04,ORD1044,P013,Обувь 452,Одежда,4,311.84,0.29,164.56
2026-01-25,S06,ORD1045,P012,Кукла 282,Игрушки,1,173.5,0.26,95.39
2026-01-12,S03,ORD1045,P014,Велосипед 249,Спорттовары,4,236.73,0.01,89.42
2025-12-31,S02,ORD1045,P012,Кукла 282,Игрушки,9,187.76,0.04,95.39
2026-01-20,S06,ORD1045,P021,Пазл 94,Игрушки,5,38.98,0.09,23.01
2026-01-27,S02,ORD1045,P004,Учебник 814,Книги,1,112.14,0.17,46.39
2026-01-02,S03,ORD1045,P025,Шампунь 336,Косметика,6,146.29,0.06,68.33
2026-01-13,S06,ORD1045,P010,Сыр 218,Продукты,6,93.38,0.29,46.52
2026-01-11,S03,ORD1045,P029,Джинсы 267,Одежда,1,105.95,0.02,65.05
2026-01-25,S05,ORD1046,P021,Пазл 94,Игрушки,4,39.22,0.15,23.01
2026-01-02,S04,ORD1046,P023,Мяч 526,Спорттовары,1,146.07,0.27,63.9
2026-01-19,S02,ORD1046,P008,Планшет 671,Электроника,10,179.61,0.25,106.93
2026-01-09,S05,ORD1046,P005,Тушь 56,Косметика,8,80.93,0.02,54.42
2025-12-28,S01,ORD1046,P004,Учебник 814,Книги,10,101.96,0.06,46.39
2026-01-19,S05,ORD1047,P029,Джинсы 267,Одежда,3,104.3,0.13,65.05
2026-01-15,S01,ORD1047,P018,Детектив 359,Книги,6,162.38,0.15,81.01
2026-01-19,S06,ORD1047,P018,Детектив 359,Книги,6,158.63,0.16,81.01
2026-01-19,S04,ORD1048,P006,Молоко 255,Продукты,10,63.71,0.14,37.77
2026-01-25,S04,ORD1049,P008,Планшет 671,Электроника,5,183.66,0.16,106.93
2026-01-03,S03,ORD1050,P026,Тушь 576,Косметика,10,82.26,0.14,56.91
2026-01-26,S06,ORD1050,P014,Велосипед 249,Спорттовары,1,221.57,0.16,89.42
2026-01-05,S01,ORD1051,P005,Тушь 56,Косметика,1,85.6,0.0,54.42
2026-01-06,S01,ORD1051,P018,Детектив 359,Книги,5,141.13,0.27,81.01
2026-01-15,S04,ORD1051,P015,Пазл 138,Игрушки,7,154.95,0.26,73.72
2026-01-27,S04,ORD1051,P012,Кукла 282,Игрушки,1,159.47,0.15,95.39
2026-01-07,S05,ORD1051,P003,Велосипед 587,Спорттовары,9,49.62,0.18,27.34
2026-01-15,S01,ORD1051,P007,Планшет 460,Электроника,10,534.81,0.11,335.42
2025-12-29,S06,ORD1051,P030,Учебник 722,Книги,2,122.48,0.21,70.51
2026-01-13,S02,ORD1051,P028,Фрукты 831,Продукты,3,132.64,0.12,74.65
2025-12-31,S05,ORD1052,P013,Обувь 452,Одежда,8,294.24,0.29,164.56
2025-12-28,S03,ORD1052,P005,Тушь 56,Косметика,8,84.89,0.02,54.42
2026-01-13,S03,ORD1052,P019,Ракетка 236,Спорттовары,2,38.69,0.28,29.35
2025-12-28,S05,ORD1052,P005,Тушь 56,Косметика,6,77.17,0.1,54.42
2025-12-31,S06,ORD1052,P021,Пазл 94,Игрушки,1,45.56,0.2,23.01
2026-01-14,S01,ORD1053,P010,Сыр 218,Продукты,10,96.14,0.04,46.52
2025-12-28,S02,ORD1054,P030,Учебник 722,Книги,3,130.31,0.22,70.51
2026-01-26,S06,ORD1055,P010,Сыр 218,Продукты,3,91.72,0.28,46.52
2026-01-12,S03,ORD1056,P030,Учебник 722,Книги,7,130.85,0.12,70.51
2026-01-27,S03,ORD1056,P009,Ракетка 885,Спорттовары,2,134.85,0.04,64.37
2026-01-27,S01,ORD1057,P022,Ноутбук 326,Электроника,9,880.23,0.04,666.64
2026-01-26,S01,ORD1057,P021,Пазл 94,Игрушки,2,44.89,0.16,23.01
2026-01-25,S02,ORD1057,P002,Велосипед 20,Спорттовары,8,176.29,0.12,70.77
2026-01-26,S04,ORD1057,P006,Молоко 255,Продукты,8,59.86,0.07,37.77
2026-01-06,S04,ORD1058,P008,Планшет 671,Электроника,8,173.22,0.18,106.93
2025-12-28,S06,ORD1058,P027,Духи 975,Косметика,7,75.22,0.27,38.66
2026-01-01,S02,ORD1058,P015,Пазл 138,Игрушки,3,150.22,0.25,73.72
2026-01-07,S02,ORD1058,P029,Джинсы 267,Одежда,2,89.94,0.0,65.05
2026-01-26,S06,ORD1058,P029,Джинсы 267,Одежда,6,92.39,0.0,65.05
2026-01-02,S05,ORD1059,P001,Машинка 380,,2,109.47,0.25,55.66
2026-01-08,S01,ORD1060,P027,Духи 975,Косметика,1,72.54,0.12,38.66
2026-01-22,S01,ORD1060,P014,Велосипед 249,Спорттовары,4,234.28,0.23,89.42
2026-01-02,S02,ORD1061,P022,Ноутбук 326,Электроника,4,871.26,0.22,666.64
2026-01-12,S04,ORD1061,P014,Велосипед 249,Спорттовары,8,233.92,0.22,89.42
2026-01-13,S02,ORD1062,P024,Молоко 535,Продукты,2,136.23,0.14,95.23
2026-01-12,S01,ORD1063,P028,Фрукты 831,Продукты,2,133.04,0.21,74.65
2026-01-05,S01,ORD1063,P009,Ракетка 885,,3,137.37,0.06,64.37
2025-12-29,S04,ORD1063,P004,Учебник 814,Книги,8,93.51,0.23,46.39
2026-01-20,S02,ORD1064,P029,Джинсы 267,Одежда,3,97.28,0.06,65.05
2026-01-06,S03,ORD1064,P012,Кукла 282,Игрушки,5,169.79,0.12,95.39
2026-01-17,S03,ORD1064,P007,Планшет 460,Электроника,3,555.45,0.0,335.42
2026-01-02,S01,ORD1064,P011,Тушь 581,Косметика,6,158.39,0.06,64.99
2026-01-27,S02,ORD1064,P001,Машинка 380,Игрушки,3,105.46,0.16,55.66
2026-01-09,S05,ORD1064,P009,Ракетка 885,Спорттовары,6,124.23,0.13,64.37
2026-01-18,S05,ORD1065,P017,Пазл 934,Игрушки,3,107.67,0.06,48.73
2026-01-04,S05,ORD1065,P028,Фрукты 831,Продукты,10,138.98,0.25,74.65
2026-01-14,S03,ORD1066,P024,Молоко 535,Продукты,6,135.75,0.27,95.23
2026-01-05,S01,ORD1066,P001,Машинка 380,Игрушки,3,112.32,0.15,55.66
2026-01-26,S06,ORD1066,P008,Планшет 671,Электроника,3,164.7,0.06,106.93
2026-01-27,S03,ORD1066,P005,Тушь 56,Косметика,2,86.57,0.0,54.42
2026-01-10,S02,ORD1067,P030,Учебник 722,Книги,6,138.58,0.07,70.51
2026-01-23,S01,ORD1067,P025,Шампунь 336,Косметика,2,155.67,0.19,68.33
2026-01-26,S03,ORD1067,P025,Шампунь 336,Косметика,9,155.15,0.01,68.33
2026-01-19,S04,ORD1067,P017,Пазл 934,Игрушки,5,114.32,0.2,48.73
2026-01-25,S06,ORD1067,P001,Машинка 380,,10,102.11,0.22,55.66
2026-01-27,S02,ORD1067,P008,Планшет 671,Электроника,8,181.32,0.28,106.93
2026-01-15,S04,ORD1067,P013,Обувь 452,Одежда,6,272.35,0.19,164.56
2026-01-26,S03,ORD1067,P028,Фрукты 831,Продукты,3,137.56,0.03,74.65
2026-01-04,S03,ORD1068,P019,Ракетка 236,Спорттовары,-2,42.92,0.15,29.35
2026-01-23,S01,ORD1068,P002,Велосипед 20,Спорттовары,1,187.45,0.05,70.77
2026-01-13,S04,ORD1068,P016,Футболка 476,Одежда,2,83.95,0.19,39.14
2026-01-23,S06,ORD1068,P021,Пазл 94,Игрушки,4,44.99,0.15,23.01
2025-12-28,S06,ORD1068,P013,Обувь 452,,6,291.91,0.18,164.56
2025-12-30,S03,ORD1068,P018,Детектив 359,Книги,3,156.03,0.22,81.01
2026-01-10,S01,ORD1068,P008,Планшет 671,Электроника,1,168.72,0.01,106.93
2026-01-14,S02,ORD1069,P024,Молоко 535,Продукты,7,135.63,0.19,95.23
2026-01-21,S05,ORD1070,P002,Велосипед 20,Спорттовары,10,179.89,0.28,70.77
2026-01-24,S03,ORD1070,P007,Планшет 460,Электроника,3,515.19,0.22,335.42
2026-01-18,S04,ORD1070,P016,Футболка 476,,9,84.06,0.29,39.14
2025-12-29,S05,ORD1070,P003,Велосипед 587,Спорттовары,5,51.51,0.04,27.34
2026-01-09,S04,ORD1071,P022,Ноутбук 326,Электроника,1,888.37,0.2,666.64
2026-01-15,S01,ORD1071,P025,Шампунь 336,Косметика,10,135.66,0.01,68.33
2025-12-30,S02,ORD1072,P019,Ракетка 236,Спорттовары,6,39.45,0.27,29.35
2026-01-13,S03,ORD1072,P001,Машинка 380,Игрушки,9,105.11,0.1,55.66
2026-01-09,S06,ORD1073,P007,Планшет 460,Электроника,10,539.42,0.01,335.42
2026-01-26,S01,ORD1074,P010,Сыр 218,Продукты,3,107.52,0.21,46.52
2026-01-21,S03,ORD1074,P014,Велосипед 249,Спорттовары,6,226.29,0.05,89.42
2026-01-11,S03,ORD1074,P013,Обувь 452,Одежда,7,315.23,0.07,164.56
2026-01-08,S01,ORD1074,P013,Обувь 452,Одежда,3,280.5,0.2,164.56
2026-01-05,S05,ORD1074,P018,Детектив 359,Книги,2,160.33,0.13,81.01
2026-01-07,S03,ORD1075,P026,Тушь 576,Косметика,4,74.21,0.26,56.91
2025-12-29,S05,ORD1075,P029,Джинсы 267,Одежда,4,-36.51,0.12,65.05
2026-01-15,S03,ORD1076,P021,Пазл 94,Игрушки,3,38.97,-0.08,23.01
2026-01-26,S04,ORD1076,P020,Сыр 852,Продукты,7,69.95,0.2,41.59
2026-01-06,S06,ORD1076,P012,Кукла 282,Игрушки,1,186.84,0.08,95.39
2025-12-29,S01,ORD1076,P024,Молоко 535,Продукты,4,138.23,0.06,95.23
2026-01-06,S06,ORD1077,P012,Кукла 282,Игрушки,9,181.55,0.06,95.39
2026-01-06,S04,ORD1077,P019,Ракетка 236,Спорттовары,10,42.45,0.06,29.35
2026-01-17,S03,ORD1077,P001,Машинка 380,Игрушки,3,99.14,0.3,55.66
2026-01-01,S04,ORD1077,P020,Сыр 852,Продукты,8,68.69,0.22,41.59
2026-01-21,S02,ORD1078,P001,Машинка 380,Игрушки,5,113.86,0.05,55.66
2026-01-23,S04,ORD1078,P025,Шампунь 336,Косметика,4,133.72,0.1,68.33
2026-01-09,S05,ORD1078,P014,Велосипед 249,Спорттовары,2,224.31,0.03,89.42
2026-01-10,S03,ORD1078,P026,Тушь 576,Косметика,2,74.9,0.02,56.91
2025-12-29,S06,ORD1078,P025,Шампунь 336,Косметика,9,149.3,0.18,68.33
2025-12-30,S06,ORD1078,P005,Тушь 56,Косметика,7,-11.27,0.04,54.42
2026-01-24,S02,ORD1078,P029,Джинсы 267,Одежда,7,102.3,0.21,65.05
2026-01-21,S04,ORD1078,P012,Кукла 282,Игрушки,2,181.48,0.06,95.39
2026-01-03,S02,ORD1078,P013,Обувь 452,Одежда,9,275.19,0.21,164.56
2026-01-20,S06,ORD1078,P022,Ноутбук 326,Электроника,5,978.89,0.22,666.64
2026-01-13,S01,ORD1079,P011,Тушь 581,Косметика,6,134.26,0.16,64.99
2026-01-08,S02,ORD1079,P007,Планшет 460,Электроника,2,487.28,0.17,335.42
2026-01-11,S03,ORD1080,P012,Кукла 282,Игрушки,8,178.9,0.25,95.39
2026-01-02,S01,ORD1080,P013,Обувь 452,Одежда,3,314.61,0.11,164.56
2026-01-02,S03,ORD1080,P001,Машинка 380,Игрушки,9,109.72,0.04,55.66
2026-01-20,S02,ORD1080,P029,Джинсы 267,Одежда,4,98.71,0.22,65.05
2026-01-14,S06,ORD1080,P030,Учебник 722,Книги,3,117.83,0.03,70.51
2026-01-27,S02,ORD1081,P019,Ракетка 236,Спорттовары,1,39.08,0.2,29.35
2026-01-13,S02,ORD1081,P003,Велосипед 587,Спорттовары,4,56.14,0.2,27.34
2026-01-07,S04,ORD1081,P025,Шампунь 336,Косметика,10,135.43,0.02,68.33
2026-01-17,S03,ORD1082,P014,Велосипед 249,Спорттовары,10,210.03,0.24,89.42
2025-12-31,S06,ORD1082,P011,Тушь 581,Косметика,3,131.39,0.13,64.99
2026-01-21,S06,ORD1082,P007,Планшет 460,Электроника,2,529.96,0.15,335.42
2026-01-08,S05,ORD1082,P017,Пазл 934,Игрушки,2,99.09,0.29,48.73
2026-01-10,S03,ORD1082,P025,Шампунь 336,Косметика,4,137.61,0.08,68.33
2026-01-05,S06,ORD1082,P018,Детектив 359,Книги,10,150.95,0.29,81.01
2026-01-27,S03,ORD1082,P020,Сыр 852,Продукты,6,65.65,0.22,41.59
2026-01-10,S05,ORD1082,P020,Сыр 852,Продукты,1,75.7,0.2,41.59
2026-01-06,S04,ORD1082,P018,Детектив 359,Книги,9,145.14,0.3,81.01
2026-01-23,S05,ORD1082,P028,Фрукты 831,Продукты,3,147.62,0.16,74.65
2026-01-26,S02,ORD1082,P002,Велосипед 20,Спорттовары,6,167.63,0.18,70.77
2026-01-01,S01,ORD1082,P006,Молоко 255,Продукты,10,64.13,0.02,37.77
2026-01-26,S03,ORD1083,P003,Велосипед 587,Спорттовары,5,55.55,0.09,27.34
2025-12-29,S01,ORD1083,P024,Молоко 535,Продукты,7,146.19,0.16,95.23
2026-01-16,S02,ORD1084,P017,Пазл 934,Игрушки,5,98.89,0.22,48.73
2026-01-24,S02,ORD1085,P005,Тушь 56,Косметика,10,77.83,1.18,54.42
2026-01-08,S02,ORD1085,P018,Детектив 359,Книги,5,157.74,0.02,81.01
2026-01-20,S04,ORD1085,P026,Тушь 576,Косметика,3,83.16,0.18,56.91
2026-01-08,S03,ORD1085,P028,Фрукты 831,Продукты,7,144.39,0.23,74.65
2026-01-17,S01,ORD1085,P004,Учебник 814,Книги,5,105.39,0.19,46.39
2026-01-02,S01,ORD1086,P006,Молоко 255,Продукты,1,57.58,0.14,37.77
2026-01-13,S02,ORD1086,P030,Учебник 722,Книги,2,129.08,0.04,70.51
2026-01-18,S06,ORD1086,P004,Учебник 814,Книги,5,97.03,0.21,46.39
2026-01-24,S06,ORD1086,P007,Планшет 460,Электроника,6,507.49,0.13,335.42
2026-01-19,S03,ORD1087,P019,Ракетка 236,Спорттовары,9,36.99,0.23,29.35
2026-01-20,S06,ORD1087,P022,Ноутбук 326,Электроника,7,807.37,0.08,666.64
2026-01-14,S05,ORD1087,P005,Тушь 56,Косметика,9,90.34,0.05,54.42
2025-12-29,S06,ORD1088,P010,Сыр 218,Продукты,3,107.63,0.14,46.52
2026-01-03,S01,ORD1088,P024,Молоко 535,Продукты,9,151.66,0.06,95.23
2026-01-18,S04,ORD1088,P024,Молоко 535,Продукты,10,151.54,0.09,95.23
2026-01-15,S04,ORD1089,P010,Сыр 218,Продукты,1,96.05,0.06,46.52
2026-01-14,S04,ORD1089,P006,Молоко 255,Продукты,3,59.94,0.0,37.77
2026-01-27,S04,ORD1089,P019,Ракетка 236,Спорттовары,8,44.19,0.12,29.35
2025-12-28,S01,ORD1089,P023,Мяч 526,Спорттовары,4,136.58,0.19,63.9
2026-01-07,S05,ORD1089,P011,Тушь 581,Косметика,3,-9.51,0.09,64.99
2026-01-20,S04,ORD1090,P022,Ноутбук 326,Электроника,7,814.18,0.2,666.64
2026-01-01,S02,ORD1091,P001,Машинка 380,Игрушки,1,104.49,0.23,55.66
2026-01-04,S06,ORD1091,P004,Учебник 814,Книги,4,95.95,0.08,46.39
2026-01-08,S04,ORD1091,P024,Молоко 535,Продукты,6,145.41,0.09,95.23
2026-01-07,S06,ORD1091,P024,Молоко 535,Продукты,1,127.73,0.07,95.23
2026-01-26,S01,ORD1092,P028,Фрукты 831,Продукты,10,134.85,0.02,74.65
2026-01-11,S01,ORD1092,P030,Учебник 722,Книги,10,119.56,0.04,70.51
2026-01-15,S06,ORD1093,P003,Велосипед 587,Спорттовары,10,51.23,0.11,27.34
2026-01-21,S01,ORD1093,P015,Пазл 138,Игрушки,3,133.98,0.18,73.72
2026-01-08,S03,ORD1093,P013,Обувь 452,Одежда,9,280.2,0.03,164.56
2026-01-20,S03,ORD1093,P008,Планшет 671,Электроника,4,160.97,0.25,106.93
2026-01-27,S04,ORD1093,P026,Тушь 576,Косметика,6,74.95,0.13,56.91
2026-01-10,S02,ORD1093,P030,Учебник 722,Книги,2,139.94,0.07,70.51
2026-01-08,S01,ORD1094,P010,Сыр 218,Продукты,2,104.1,0.25,46.52
2026-01-26,S04,ORD1094,P029,Джинсы 267,Одежда,8,103.23,0.04,65.05
2026-01-10,S05,ORD1094,P020,Сыр 852,Продукты,3,72.4,0.21,41.59
2026-01-17,S01,ORD1094,P007,Планшет 460,Электроника,8,525.38,0.22,335.42
2026-01-04,S04,ORD1095,P028,Фрукты 831,Продукты,1,159.94,0.15,74.65
2026-01-19,S03,ORD1095,P012,Кукла 282,Игрушки,6,168.51,0.29,95.39
2026-01-03,S02,ORD1095,P030,Учебник 722,Книги,10,139.86,0.02,70.51
2026-01-17,S06,ORD1095,P002,Велосипед 20,Спорттовары,2,166.13,0.25,70.77
2026-01-16,S01,ORD1095,P019,Ракетка 236,Спорттовары,9,40.17,0.23,29.35
2026-01-27,S05,ORD1095,P011,Тушь 581,Косметика,4,132.96,0.19,64.99
2026-01-07,S01,ORD1095,P012,Кукла 282,Игрушки,10,169.56,0.21,95.39
2026-01-18,S04,ORD1095,P002,Велосипед 20,Спорттовары,8,163.54,0.05,70.77
2026-01-05,S06,ORD1096,P028,Фрукты 831,Продукты,1,156.27,0.05,74.65
2025-12-31,S03,ORD1096,P009,Ракетка 885,Спорттовары,3,131.63,0.28,64.37
2026-01-20,S01,ORD1096,P004,Учебник 814,Книги,2,111.46,0.09,46.39
2026-01-27,S06,ORD1096,P008,Планшет 671,Электроника,5,171.0,0.01,106.93
2026-01-20,S04,ORD1096,P008,Планшет 671,Электроника,4,181.85,0.26,106.93
2026-01-21,S05,ORD1096,P013,Обувь 452,Одежда,6,286.07,0.29,164.56
2026-01-07,S05,ORD1096,P017,Пазл 934,Игрушки,2,100.09,0.04,48.73
2026-01-15,S02,ORD1096,P006,Молоко 255,Продукты,7,57.19,0.23,37.77
2026-01-15,S06,ORD1096,P012,Кукла 282,Игрушки,7,170.56,0.21,95.39
2026-01-10,S03,ORD1097,P019,Ракетка 236,Спорттовары,6,40.76,0.11,29.35
2026-01-05,S06,ORD1097,P014,Велосипед 249,Спорттовары,3,219.46,0.19,89.42
2026-01-15,S03,ORD1097,P021,Пазл 94,Игрушки,2,37.84,0.02,23.01
2026-01-12,S05,ORD1098,P019,Ракетка 236,Спорттовары,7,40.49,0.03,29.35
2025-12-31,S06,ORD1098,P011,Тушь 581,Косметика,3,143.75,0.19,64.99
2026-01-11,S05,ORD1098,P028,Фрукты 831,Продукты,2,155.53,0.17,74.65
2025-12-30,S01,ORD1099,P016,Футболка 476,Одежда,8,90.43,0.04,39.14
2025-12-29,S03,ORD1100,P025,Шампунь 336,Косметика,5,152.49,0.06,68.33
2026-01-20,S04,ORD1100,P021,Пазл 94,,9,38.69,0.08,23.01
2026-01-01,S05,ORD1101,P030,Учебник 722,,7,118.92,0.19,70.51
2026-01-02,S02,ORD1101,P002,Велосипед 20,Спорттовары,6,159.36,0.28,70.77
2026-01-22,S03,ORD1101,P022,Ноутбук 326,Электроника,2,970.53,0.11,666.64
2026-01-03,S04,ORD1102,P013,Обувь 452,Одежда,6,284.51,0.22,164.56
2026-01-05,S04,ORD1102,P011,Тушь 581,Косметика,4,141.57,0.17,64.99
2026-01-08,S06,ORD1102,P028,Фрукты 831,Продукты,2,152.23,0.03,74.65
2026-01-04,S03,ORD1103,P002,Велосипед 20,Спорттовары,8,169.86,0.05,70.77
2026-01-06,S05,ORD1103,P023,Мяч 526,Спорттовары,7,158.55,0.11,63.9
2026-01-12,S06,ORD1103,P013,Обувь 452,Одежда,4,305.43,0.02,164.56
2026-01-15,S01,ORD1103,P022,Ноутбук 326,Электроника,9,879.8,0.27,666.64
2026-01-18,S04,ORD1103,P019,Ракетка 236,Спорттовары,4,42.7,0.12,29.35
2026-01-22,S01,ORD1103,P017,Пазл 934,Игрушки,7,97.3,0.73,48.73
2025-12-30,S06,ORD1104,P005,Тушь 56,Косметика,9,91.66,0.03,54.42
2026-01-15,S03,ORD1104,P017,Пазл 934,,8,101.24,0.22,48.73
2026-01-18,S01,ORD1104,P029,Джинсы 267,Одежда,2,99.82,0.02,65.05
2026-01-11,S06,ORD1104,P003,Велосипед 587,Спорттовары,6,52.94,1.31,27.34
2026-01-16,S04,ORD1104,P007,Планшет 460,Электроника,7,459.78,0.3,335.42
2026-01-05,S03,ORD1104,P026,Тушь 576,Косметика,10,74.42,0.18,56.91
2026-01-19,S01,ORD1105,P025,Шампунь 336,Косметика,5,147.44,0.07,68.33
2026-01-18,S05,ORD1105,P027,Духи 975,Косметика,3,78.41,0.18,38.66
2026-01-22,S06,ORD1106,P022,Ноутбук 326,Электроника,-5,979.02,0.24,666.64
2026-01-07,S04,ORD1106,P013,Обувь 452,Одежда,6,298.93,0.12,164.56
2026-01-05,S03,ORD1106,P030,Учебник 722,Книги,9,127.49,0.21,70.51
2026-01-10,S04,ORD1106,P002,Велосипед 20,Спорттовары,8,160.97,0.21,70.77
2026-01-04,S05,ORD1107,P020,Сыр 852,Продукты,5,69.21,0.03,41.59
2026-01-08,S03,ORD1107,P011,Тушь 581,Косметика,10,139.21,0.16,64.99
2026-01-08,S05,ORD1108,P021,Пазл 94,Игрушки,8,42.0,0.18,23.01
2026-01-01,S04,ORD1109,P019,Ракетка 236,Спорттовары,7,37.8,0.24,29.35
2026-01-04,S01,ORD1109,P009,Ракетка 885,Спорттовары,4,129.42,0.24,64.37
2025-12-30,S06,ORD1109,P017,Пазл 934,Игрушки,8,113.48,0.08,48.73
2026-01-04,S05,ORD1109,P017,Пазл 934,Игрушки,3,102.02,0.06,48.73
2026-01-13,S04,ORD1109,P029,Джинсы 267,Одежда,-1,95.32,0.28,65.05
2026-01-09,S01,ORD1110,P021,Пазл 94,Игрушки,1,45.11,0.09,23.01
2026-01-24,S04,ORD1110,P009,Ракетка 885,Спорттовары,9,133.4,0.08,64.37
2026-01-06,S02,ORD1111,P015,Пазл 138,Игрушки,2,140.99,0.06,73.72
2025-12-31,S02,ORD1111,P004,Учебник 814,Книги,5,103.51,0.19,46.39
2026-01-18,S06,ORD1111,P011,Тушь 581,Косметика,4,145.29,0.14,64.99
2026-01-13,S04,ORD1111,P023,Мяч 526,Спорттовары,6,151.64,0.12,63.9
2025-12-31,S04,ORD1112,P001,Машинка 380,Игрушки,1,108.05,0.27,55.66
2026-01-03,S06,ORD1113,P030,Учебник 722,Книги,2,138.26,0.01,70.51
2026-01-14,S05,ORD1113,P005,Тушь 56,Косметика,2,75.95,0.17,54.42
2026-01-21,S05,ORD1113,P013,Обувь 452,Одежда,10,265.13,0.11,164.56
2025-12-30,S02,ORD1114,P020,Сыр 852,Продукты,4,76.74,0.11,41.59
2026-01-15,S03,ORD1114,P021,Пазл 94,Игрушки,8,41.81,0.0,23.01
2026-01-21,S05,ORD1114,P029,Джинсы 267,Одежда,6,90.43,0.2,65.05
2026-01-19,S05,ORD1114,P004,Учебник 814,Книги,10,96.71,0.09,46.39
2026-01-06,S03,ORD1115,P024,Молоко 535,Продукты,4,140.21,0.11,95.23
2025-12-30,S02,ORD1116,P010,Сыр 218,Продукты,10,103.0,0.09,46.52
2026-01-24,S02,ORD1117,P007,Планшет 460,Электроника,4,481.42,0.17,335.42
2025-12-31,S03,ORD1117,P013,Обувь 452,Одежда,1,302.97,0.02,164.56
2026-01-23,S01,ORD1118,P023,Мяч 526,Спорттовары,10,149.61,0.12,63.9
2026-01-18,S01,ORD1118,P019,Ракетка 236,,6,37.68,0.24,29.35
2025-12-29,S05,ORD1119,P014,Велосипед 249,Спорттовары,10,215.29,0.1,89.42
2026-01-17,S03,ORD1119,P016,Футболка 476,Одежда,4,96.2,0.14,39.14
2026-01-25,S04,ORD1119,P003,Велосипед 587,Спорттовары,8,55.31,0.29,27.34
2026-01-08,S04,ORD1119,P015,Пазл 138,Игрушки,3,130.3,0.01,73.72
2026-01-10,S03,ORD1119,P014,Велосипед 249,Спорттовары,6,231.43,0.23,89.42
2026-01-02,S02,ORD1119,P023,Мяч 526,Спорттовары,2,147.0,0.13,63.9
2026-01-02,S05,ORD1119,P028,Фрукты 831,Продукты,1,140.94,0.19,74.65
2025-12-28,S04,ORD1119,P015,Пазл 138,Игрушки,8,149.5,0.15,73.72
2025-12-31,S02,ORD1120,P009,Ракетка 885,Спорттовары,1,127.74,0.09,64.37
2026-01-10,S04,ORD1120,P027,Духи 975,Косметика,4,70.95,0.1,38.66
2026-01-12,S02,ORD1121,P025,Шампунь 336,Косметика,3,131.13,0.06,68.33
2026-01-05,S03,ORD1121,P007,Планшет 460,Электроника,3,480.28,0.04,335.42
2026-01-24,S03,ORD1122,P028,Фрукты 831,Продукты,5,156.67,0.06,74.65
2026-01-22,S05,ORD1122,P001,Машинка 380,Игрушки,5,100.81,0.17,55.66
2026-01-24,S01,ORD1123,P022,Ноутбук 326,Электроника,8,951.45,0.1,666.64
2026-01-20,S03,ORD1123,P007,Планшет 460,Электроника,7,504.87,0.15,335.42
2025-12-31,S06,ORD1124,P015,Пазл 138,Игрушки,1,152.78,0.05,73.72
2026-01-24,S03,ORD1125,P028,Фрукты 831,Продукты,4,152.06,0.05,74.65
2026-01-06,S02,ORD1126,P005,Тушь 56,Косметика,4,78.75,0.11,54.42
2025-12-30,S06,ORD1126,P023,Мяч 526,Спорттовары,8,151.26,0.22,63.9
2025-12-31,S03,ORD1126,P020,Сыр 852,Продукты,8,66.66,0.08,41.59
2026-01-02,S04,ORD1126,P020,Сыр 852,Продукты,9,69.69,0.13,41.59
2026-01-16,S03,ORD1126,P021,Пазл 94,Игрушки,4,45.72,0.28,23.01
2026-01-22,S05,ORD1126,P030,Учебник 722,Книги,1,134.03,0.28,70.51
2026-01-22,S02,ORD1126,P020,Сыр 852,Продукты,4,73.41,0.04,41.59
2026-01-20,S02,ORD1127,P008,Планшет 671,,7,164.23,0.06,106.93
2026-01-21,S04,ORD1127,P006,Молоко 255,Продукты,10,59.6,0.18,37.77
2026-01-13,S06,ORD1127,P010,Сыр 218,Продукты,3,99.82,0.16,46.52
2026-01-27,S03,ORD1127,P010,Сыр 218,Продукты,8,93.2,0.27,46.52
2025-12-31,S01,ORD1127,P017,Пазл 934,Игрушки,6,98.45,0.05,48.73
2026-01-10,S05,ORD1128,P002,Велосипед 20,Спорттовары,7,172.68,0.19,70.77
2026-01-26,S06,ORD1128,P013,Обувь 452,Одежда,7,318.8,0.06,164.56
2026-01-07,S06,ORD1128,P008,Планшет 671,Электроника,2,169.14,0.24,106.93
2026-01-03,S03,ORD1128,P001,Машинка 380,Игрушки,1,112.35,0.25,55.66
2026-01-03,S05,ORD1128,P014,Велосипед 249,Спорттовары,9,234.43,0.11,89.42
2026-01-05,S03,ORD1128,P027,Духи 975,Косметика,7,70.26,0.0,38.66
2026-01-10,S06,ORD1128,P011,Тушь 581,Косметика,9,155.73,0.03,64.99
2026-01-11,S02,ORD1128,P018,Детектив 359,Книги,6,137.67,0.06,81.01
2026-01-06,S06,ORD1129,P023,Мяч 526,Спорттовары,10,158.5,0.04,63.9
2026-01-10,S02,ORD1129,P018,Детектив 359,Книги,10,153.02,0.3,81.01
2026-01-24,S04,ORD1129,P009,Ракетка 885,Спорттовары,1,140.5,0.26,64.37
2026-01-19,S03,ORD1129,P015,Пазл 138,Игрушки,2,153.73,0.01,73.72
2026-01-06,S01,ORD1130,P001,Машинка 380,Игрушки,3,105.19,0.18,55.66
2026-01-02,S06,ORD1130,P005,Тушь 56,Косметика,10,92.37,0.1,54.42
2026-01-12,S01,ORD1130,P022,Ноутбук 326,Электроника,8,936.18,0.29,666.64
2025-12-31,S06,ORD1130,P019,Ракетка 236,Спорттовары,9,40.88,0.01,29.35
2025-12-29,S02,ORD1130,P013,Обувь 452,Одежда,10,264.72,0.19,164.56
2025-12-30,S03,ORD1131,P015,Пазл 138,Игрушки,10,146.48,0.15,73.72
2026-01-25,S03,ORD1131,P018,Детектив 359,Книги,5,150.91,0.08,81.01
2025-12-31,S04,ORD1131,P011,Тушь 581,Косметика,7,135.43,0.24,64.99
2026-01-24,S06,ORD1132,P005,Тушь 56,Косметика,6,82.11,0.22,54.42
2025-12-28,S02,ORD1132,P030,Учебник 722,,3,117.5,0.2,70.51
2026-01-16,S05,ORD1132,P008,Планшет 671,Электроника,10,159.9,0.3,106.93
2026-01-06,S04,ORD1132,P024,Молоко 535,Продукты,3,135.26,0.03,95.23
2026-01-10,S06,ORD1133,P017,Пазл 934,Игрушки,4,95.42,0.1,48.73
2026-01-16,S02,ORD1133,P011,Тушь 581,,4,135.88,0.14,64.99
2026-01-14,S01,ORD1133,P030,Учебник 722,Книги,8,118.97,0.24,70.51
2026-01-26,S02,ORD1133,P010,Сыр 218,Продукты,1,88.88,0.18,46.52
2026-01-08,S05,ORD1134,P026,Тушь 576,Косметика,3,-1.08,0.22,56.91
2026-01-02,S01,ORD1134,P001,Машинка 380,Игрушки,-4,96.61,0.25,55.66
2026-01-02,S06,ORD1134,P013,Обувь 452,Одежда,5,263.93,0.19,164.56
2026-01-26,S03,ORD1134,P030,Учебник 722,Книги,7,115.96,0.0,70.51
2026-01-13,S04,ORD1135,P022,Ноутбук 326,Электроника,6,904.8,0.14,666.64
2026-01-23,S01,ORD1135,P015,Пазл 138,Игрушки,9,153.01,0.28,73.72
2025-12-29,S02,ORD1135,P030,Учебник 722,Книги,9,120.02,0.02,70.51
2026-01-08,S04,ORD1136,P006,Молоко 255,Продукты,2,55.27,0.21,37.77
2026-01-08,S04,ORD1137,P027,Духи 975,Косметика,9,73.82,0.27,38.66
2026-01-19,S02,ORD1137,P009,Ракетка 885,Спорттовары,-1,138.35,0.12,64.37
2026-01-11,S01,ORD1138,P007,Планшет 460,Электроника,1,463.09,0.06,335.42
2026-01-17,S06,ORD1138,P024,Молоко 535,Продукты,10,125.35,0.22,95.23
2026-01-08,S02,ORD1139,P027,Духи 975,Косметика,5,78.73,0.1,38.66
2026-01-10,S03,ORD1139,P001,Машинка 380,Игрушки,9,101.17,0.03,55.66
2026-01-05,S05,ORD1140,P026,Тушь 576,Косметика,4,87.72,0.06,56.91
2026-01-01,S01,ORD1140,P017,Пазл 934,Игрушки,3,105.23,0.16,48.73
2026-01-25,S05,ORD1141,P015,Пазл 138,Игрушки,1,155.28,0.01,73.72
2026-01-11,S04,ORD1142,P023,Мяч 526,Спорттовары,2,162.46,0.04,63.9
2025-12-31,S02,ORD1142,P029,Джинсы 267,Одежда,6,106.2,0.21,65.05
2026-01-09,S04,ORD1142,P020,Сыр 852,Продукты,7,73.97,0.21,41.59
2026-01-25,S02,ORD1142,P019,Ракетка 236,Спорттовары,9,37.71,0.09,29.35
2026-01-01,S03,ORD1142,P019,Ракетка 236,Спорттовары,4,43.6,0.15,29.35
2026-01-07,S06,ORD1142,P009,Ракетка 885,Спорттовары,6,140.64,0.01,64.37
2026-01-19,S04,ORD1142,P011,Тушь 581,Косметика,1,148.65,0.02,64.99
2026-01-05,S06,ORD1143,P003,Велосипед 587,Спорттовары,10,56.24,0.15,27.34
2026-01-13,S04,ORD1143,P021,Пазл 94,Игрушки,8,42.38,0.21,23.01
2026-01-14,S05,ORD1143,P013,Обувь 452,,4,302.18,0.28,164.56
2026-01-18,S02,ORD1143,P013,Обувь 452,Одежда,8,275.94,0.19,164.56
2026-01-18,S04,ORD1144,P019,Ракетка 236,Спорттовары,8,42.01,0.26,29.35
2026-01-26,S03,ORD1144,P006,Молоко 255,Продукты,3,60.47,0.27,37.77
2026-01-06,S04,ORD1144,P015,Пазл 138,Игрушки,6,132.03,0.02,73.72
2026-01-16,S04,ORD1144,P015,Пазл 138,,4,131.99,0.04,73.72
2026-01-09,S04,ORD1145,P013,Обувь 452,Одежда,5,301.14,0.28,164.56
2026-01-16,S01,ORD1145,P019,Ракетка 236,Спорттовары,9,44.12,0.1,29.35
2026-01-11,S01,ORD1145,P027,Духи 975,Косметика,7,71.45,0.27,38.66
2026-01-19,S06,ORD1145,P024,Молоко 535,Продукты,6,131.5,0.0,95.23
2026-01-24,S01,ORD1146,P029,Джинсы 267,Одежда,4,89.68,0.2,65.05
2026-01-14,S03,ORD1146,P006,Молоко 255,Продукты,1,55.82,0.18,37.77
2026-01-27,S05,ORD1147,P022,Ноутбук 326,Электроника,6,878.2,0.08,666.64
2026-01-15,S01,ORD1147,P010,Сыр 218,Продукты,6,93.59,0.0,46.52
2026-01-22,S06,ORD1147,P024,Молоко 535,Продукты,7,145.13,0.2,95.23
2026-01-16,S03,ORD1147,P010,Сыр 218,Продукты,7,99.25,0.12,46.52
2026-01-16,S04,ORD1148,P007,Планшет 460,Электроника,6,513.9,0.02,335.42
2026-01-14,S04,ORD1149,P005,Тушь 56,Косметика,9,88.47,0.11,54.42
2026-01-15,S03,ORD1150,P024,Молоко 535,Продукты,9,127.18,0.17,95.23
2026-01-22,S04,ORD1150,P022,Ноутбук 326,Электроника,3,971.19,0.18,666.64
2026-01-01,S06,ORD1150,P010,Сыр 218,Продукты,3,91.74,0.02,46.52
2026-01-09,S01,ORD1150,P015,Пазл 138,Игрушки,1,154.45,0.06,73.72
2026-01-02,S02,ORD1150,P004,Учебник 814,Книги,5,101.83,0.01,46.39
2026-01-13,S03,ORD1151,P023,Мяч 526,Спорттовары,10,164.96,0.27,63.9
2026-01-12,S03,ORD1152,P021,Пазл 94,Игрушки,9,42.93,0.12,23.01
2026-01-07,S02,ORD1152,P006,Молоко 255,Продукты,5,64.26,0.1,37.77
2026-01-08,S02,ORD1153,P020,Сыр 852,Продукты,3,75.21,0.02,41.59
2026-01-11,S03,ORD1153,P022,Ноутбук 326,Электроника,6,860.38,0.28,666.64
2026-01-23,S03,ORD1153,P015,Пазл 138,Игрушки,6,142.85,0.06,73.72
2026-01-12,S06,ORD1153,P005,Тушь 56,Косметика,5,75.99,0.01,54.42
2026-01-03,S02,ORD1154,P030,Учебник 722,Книги,3,126.46,0.02,70.51
2026-01-18,S01,ORD1155,P029,Джинсы 267,,3,89.81,0.02,65.05
2026-01-26,S05,ORD1155,P016,Футболка 476,Одежда,8,84.45,0.2,39.14
2026-01-07,S03,ORD1155,P015,Пазл 138,Игрушки,4,149.03,0.15,73.72
2026-01-15,S02,ORD1156,P025,Шампунь 336,Косметика,5,128.83,0.17,68.33
2026-01-07,S04,ORD1156,P008,Планшет 671,Электроника,7,177.63,0.22,106.93
2026-01-09,S02,ORD1157,P022,Ноутбук 326,Электроника,7,912.3,0.28,666.64
2026-01-17,S03,ORD1157,P003,Велосипед 587,Спорттовары,3,53.3,0.28,27.34
2026-01-11,S04,ORD1158,P018,Детектив 359,Книги,7,158.54,0.13,81.01
2026-01-09,S06,ORD1158,P029,Джинсы 267,Одежда,2,100.36,0.14,65.05
2026-01-02,S02,ORD1158,P023,Мяч 526,,7,137.41,0.06,63.9
2026-01-14,S01,ORD1158,P006,Молоко 255,Продукты,10,63.02,0.26,37.77
2026-01-16,S03,ORD1158,P007,Планшет 460,Электроника,1,543.62,0.02,335.42
2026-01-20,S03,ORD1158,P019,Ракетка 236,Спорттовары,10,41.02,0.11,29.35
2026-01-24,S03,ORD1158,P019,Ракетка 236,Спорттовары,5,43.8,0.12,29.35
2026-01-02,S02,ORD1158,P001,Машинка 380,Игрушки,3,106.23,0.07,55.66
2026-01-13,S03,ORD1159,P025,Шампунь 336,Косметика,1,135.58,0.23,68.33
2026-01-14,S05,ORD1159,P022,Ноутбук 326,Электроника,3,911.05,0.15,666.64
2026-01-14,S04,ORD1159,P017,Пазл 934,Игрушки,10,102.07,0.11,48.73
2026-01-27,S04,ORD1159,P018,Детектив 359,Книги,10,159.76,0.21,81.01
2026-01-04,S02,ORD1160,P026,Тушь 576,Косметика,10,77.18,0.08,56.91
2026-01-26,S01,ORD1160,P022,Ноутбук 326,Электроника,10,859.26,0.08,666.64
2025-12-28,S02,ORD1160,P028,Фрукты 831,Продукты,2,160.83,0.54,74.65
2026-01-10,S02,ORD1161,P007,Планшет 460,Электроника,6,555.78,0.22,335.42
2026-01-20,S01,ORD1162,P022,Ноутбук 326,,7,864.54,0.08,666.64
2026-01-09,S05,ORD1162,P030,Учебник 722,Книги,-3,121.2,0.09,70.51
2026-01-25,S05,ORD1163,P016,Футболка 476,,5,96.82,0.05,39.14
2026-01-06,S04,ORD1163,P011,Тушь 581,Косметика,4,147.63,0.16,64.99
2026-01-02,S03,ORD1163,P007,Планшет 460,Электроника,7,507.46,0.13,335.42
2026-01-22,S06,ORD1164,P019,Ракетка 236,Спорттовары,9,41.43,0.21,29.35
2026-01-14,S04,ORD1165,P008,Планшет 671,Электроника,1,162.62,0.14,106.93
2026-01-14,S05,ORD1165,P030,Учебник 722,Книги,1,118.14,0.27,70.51
2026-01-22,S02,ORD1166,P012,Кукла 282,Игрушки,10,180.81,0.27,95.39
2026-01-14,S03,ORD1166,P022,Ноутбук 326,Электроника,9,910.66,0.28,666.64
2026-01-02,S05,ORD1166,P007,Планшет 460,Электроника,2,549.78,0.13,335.42
2025-12-28,S06,ORD1167,P012,Кукла 282,Игрушки,5,176.33,0.28,95.39
2026-01-27,S02,ORD1168,P023,Мяч 526,Спорттовары,1,164.72,0.02,63.9
2026-01-06,S05,ORD1168,P019,Ракетка 236,Спорттовары,2,38.16,0.2,29.35
2026-01-06,S01,ORD1169,P019,Ракетка 236,Спорттовары,6,40.74,0.01,29.35
2026-01-02,S06,ORD1169,P017,Пазл 934,Игрушки,7,114.31,0.01,48.73
2026-01-23,S04,ORD1169,P018,Детектив 359,Книги,6,142.63,0.17,81.01
2026-01-05,S02,ORD1169,P023,Мяч 526,Спорттовары,6,148.49,0.03,63.9
2026-01-07,S06,ORD1169,P027,Духи 975,Косметика,5,76.55,0.29,38.66
2026-01-25,S04,ORD1169,P005,Тушь 56,Косметика,1,82.78,0.2,54.42
2026-01-12,S04,ORD1170,P028,Фрукты 831,Продукты,2,154.73,0.11,74.65
2026-01-01,S01,ORD1170,P020,Сыр 852,Продукты,-2,75.12,0.02,41.59
2026-01-23,S06,ORD1170,P015,Пазл 138,Игрушки,10,138.27,0.16,73.72
2025-12-28,S04,ORD1170,P006,Молоко 255,Продукты,3,58.74,0.12,37.77
2026-01-09,S02,ORD1171,P014,Велосипед 249,Спорттовары,3,223.18,0.16,89.42
2026-01-11,S03,ORD1171,P029,Джинсы 267,Одежда,2,89.17,0.12,65.05
2026-01-27,S01,ORD1172,P017,Пазл 934,Игрушки,2,104.39,0.15,48.73
2026-01-26,S02,ORD1172,P028,Фрукты 831,Продукты,3,136.55,1.4,74.65
2026-01-11,S05,ORD1172,P017,Пазл 934,Игрушки,1,116.0,0.16,48.73
2026-01-15,S01,ORD1172,P027,Духи 975,Косметика,5,71.38,0.22,38.66
2026-01-22,S03,ORD1173,P011,Тушь 581,Косметика,2,142.13,0.21,64.99
2026-01-14,S05,ORD1173,P003,Велосипед 587,Спорттовары,5,53.88,0.3,27.34
2026-01-09,S06,ORD1174,P028,Фрукты 831,Продукты,5,154.43,0.17,74.65
2025-12-29,S06,ORD1174,P009,Ракетка 885,Спорттовары,2,129.51,0.29,64.37
2026-01-22,S06,ORD1174,P029,Джинсы 267,,5,106.36,0.13,65.05
2026-01-11,S02,ORD1174,P016,Футболка 476,Одежда,6,85.36,0.09,39.14
2026-01-01,S04,ORD1174,P030,Учебник 722,Книги,10,133.84,0.24,70.51
2026-01-14,S01,ORD1174,P021,Пазл 94,Игрушки,10,39.32,0.14,23.01
2025-12-31,S06,ORD1174,P020,Сыр 852,Продукты,7,69.3,0.19,41.59
2026-01-12,S04,ORD1174,P006,Молоко 255,Продукты,3,60.37,0.27,37.77
2026-01-26,S02,ORD1174,P007,Планшет 460,Электроника,8,525.67,0.05,335.42
2026-01-25,S06,ORD1175,P015,Пазл 138,Игрушки,4,130.31,0.26,73.72
2026-01-26,S04,ORD1175,P003,Велосипед 587,Спорттовары,4,56.76,0.25,27.34
2026-01-08,S06,ORD1175,P006,Молоко 255,Продукты,1,59.07,0.0,37.77
2026-01-13,S01,ORD1176,P015,Пазл 138,Игрушки,4,133.5,0.15,73.72
2026-01-11,S03,ORD1176,P029,Джинсы 267,Одежда,4,98.12,0.23,65.05
2026-01-12,S05,ORD1176,P024,Молоко 535,,6,138.34,0.05,95.23
2026-01-07,S04,ORD1177,P003,Велосипед 587,Спорттовары,4,50.03,0.14,27.34
2026-01-16,S03,ORD1178,P018,Детектив 359,Книги,8,150.01,0.23,81.01
2026-01-24,S03,ORD1178,P001,Машинка 380,Игрушки,9,99.37,0.23,55.66
2026-01-13,S03,ORD1178,P005,Тушь 56,Косметика,8,89.34,0.23,54.42
2026-01-02,S03,ORD1178,P011,Тушь 581,,7,142.55,0.13,64.99
2026-01-07,S06,ORD1178,P011,Тушь 581,Косметика,3,148.21,0.05,64.99
2026-01-12,S05,ORD1178,P004,Учебник 814,Книги,6,96.62,0.02,46.39
2026-01-11,S04,ORD1178,P020,Сыр 852,Продукты,10,66.54,0.02,41.59
2025-12-31,S04,ORD1178,P030,Учебник 722,Книги,2,120.6,0.2,70.51
2026-01-26,S01,ORD1179,P026,Тушь 576,Косметика,4,83.95,0.08,56.91
2026-01-02,S04,ORD1179,P024,Молоко 535,Продукты,2,135.17,0.28,95.23
2026-01-23,S02,ORD1180,P005,Тушь 56,Косметика,7,81.17,0.07,54.42
2026-01-03,S03,ORD1181,P029,Джинсы 267,Одежда,3,100.06,0.24,65.05
2026-01-26,S01,ORD1181,P002,Велосипед 20,Спорттовары,3,160.4,0.02,70.77
2025-12-30,S06,ORD1181,P027,Духи 975,Косметика,8,73.46,0.18,38.66
2025-12-29,S01,ORD1181,P026,Тушь 576,Косметика,7,80.05,0.13,56.91
2026-01-27,S06,ORD1181,P001,Машинка 380,Игрушки,2,103.53,0.07,55.66
2026-01-14,S01,ORD1181,P017,Пазл 934,Игрушки,10,114.24,0.2,48.73
2026-01-14,S04,ORD1181,P010,Сыр 218,Продукты,4,99.75,0.23,46.52
2026-01-10,S03,ORD1181,P024,Молоко 535,Продукты,1,151.92,0.18,95.23
2026-01-16,S02,ORD1181,P023,Мяч 526,Спорттовары,3,139.44,0.09,63.9
2026-01-18,S06,ORD1182,P007,Планшет 460,Электроника,3,465.32,0.24,335.42
2026-01-13,S02,ORD1182,P002,Велосипед 20,Спорттовары,1,186.0,0.03,70.77
2026-01-25,S04,ORD1183,P022,Ноутбук 326,Электроника,8,909.57,0.17,666.64
2026-01-27,S05,ORD1183,P006,Молоко 255,Продукты,10,57.99,0.23,37.77
2026-01-12,S04,ORD1184,P020,Сыр 852,Продукты,2,67.52,0.12,41.59
2025-12-28,S02,ORD1184,P021,Пазл 94,Игрушки,5,41.52,0.06,23.01
2026-01-23,S01,ORD1185,P024,Молоко 535,Продукты,9,136.86,0.25,95.23
2026-01-01,S06,ORD1185,P025,Шампунь 336,Косметика,9,136.88,0.25,68.33
2026-01-26,S06,ORD1185,P012,Кукла 282,Игрушки,6,185.71,0.15,95.39
2026-01-10,S03,ORD1186,P010,Сыр 218,,4,92.05,0.25,46.52
2026-01-11,S02,ORD1186,P009,Ракетка 885,Спорттовары,1,132.83,0.28,64.37
2026-01-09,S02,ORD1186,P024,Молоко 535,Продукты,2,131.44,0.12,95.23
2026-01-22,S04,ORD1187,P027,Духи 975,Косметика,2,73.02,0.1,38.66
2026-01-15,S04,ORD1187,P013,Обувь 452,Одежда,8,283.28,0.24,164.56
2026-01-19,S03,ORD1187,P004,Учебник 814,Книги,5,103.25,0.13,46.39
2025-12-30,S02,ORD1187,P018,Детектив 359,Книги,-2,135.45,0.05,81.01
2026-01-25,S05,ORD1188,P011,Тушь 581,Косметика,7,154.02,0.2,64.99
2026-01-15,S04,ORD1188,P019,Ракетка 236,Спорттовары,8,42.61,0.2,29.35
2026-01-18,S06,ORD1188,P015,Пазл 138,Игрушки,5,153.45,0.23,73.72
2026-01-27,S01,ORD1188,P005,Тушь 56,Косметика,3,82.57,0.21,54.42
2026-01-16,S05,ORD1188,P008,Планшет 671,Электроника,7,159.03,0.09,106.93
2026-01-11,S03,ORD1189,P029,Джинсы 267,Одежда,5,98.2,0.13,65.05
2026-01-24,S02,ORD1189,P021,Пазл 94,,3,40.21,0.16,23.01
2026-01-26,S06,ORD1189,P008,Планшет 671,Электроника,4,161.44,0.23,106.93
2026-01-24,S03,ORD1190,P029,Джинсы 267,Одежда,5,94.83,0.27,65.05
2026-01-13,S05,ORD1190,P019,Ракетка 236,Спорттовары,7,43.89,0.22,29.35
2026-01-19,S02,ORD1190,P010,Сыр 218,Продукты,9,93.59,0.11,46.52
2026-01-12,S04,ORD1191,P028,Фрукты 831,Продукты,5,139.08,0.24,74.65
2026-01-07,S05,ORD1191,P006,Молоко 255,,1,62.49,0.03,37.77
2026-01-20,S05,ORD1191,P007,Планшет 460,Электроника,8,534.41,0.01,335.42
2026-01-25,S01,ORD1191,P008,Планшет 671,Электроника,10,181.06,0.01,106.93
2026-01-21,S01,ORD1191,P019,Ракетка 236,Спорттовары,9,40.63,0.3,29.35
2026-01-24,S05,ORD1192,P019,Ракетка 236,Спорттовары,1,39.3,0.02,29.35
2026-01-18,S04,ORD1192,P002,Велосипед 20,Спорттовары,4,179.55,0.1,70.77
2026-01-10,S04,ORD1192,P001,Машинка 380,Игрушки,2,106.97,0.19,55.66
2026-01-13,S02,ORD1192,P008,Планшет 671,Электроника,2,173.38,0.09,106.93
2026-01-13,S03,ORD1193,P022,Ноутбук 326,Электроника,2,826.93,0.24,666.64
2026-01-10,S01,ORD1193,P006,Молоко 255,,2,62.71,0.2,37.77
2026-01-14,S04,ORD1193,P005,Тушь 56,Косметика,4,78.35,0.11,54.42
2026-01-12,S01,ORD1194,P009,Ракетка 885,Спорттовары,7,116.61,0.25,64.37
2026-01-11,S04,ORD1195,P010,Сыр 218,Продукты,5,96.59,0.17,46.52
2026-01-06,S04,ORD1195,P014,Велосипед 249,Спорттовары,4,237.03,0.29,89.42
2026-01-23,S01,ORD1196,P027,Духи 975,Косметика,6,75.54,0.07,38.66
2026-01-16,S05,ORD1196,P016,Футболка 476,Одежда,6,83.5,0.22,39.14
2026-01-08,S02,ORD1197,P016,Футболка 476,Одежда,3,100.57,0.06,39.14
2026-01-14,S05,ORD1197,P010,Сыр 218,Продукты,5,101.06,0.05,46.52
2026-01-06,S04,ORD1197,P004,Учебник 814,Книги,9,110.48,0.19,46.39
2026-01-24,S06,ORD1197,P003,Велосипед 587,Спорттовары,9,47.77,0.18,27.34
2026-01-18,S06,ORD1198,P004,Учебник 814,Книги,10,111.42,0.01,46.39
2025-12-30,S03,ORD1199,P022,Ноутбук 326,Электроника,6,961.8,0.28,666.64
2026-01-15,S03,ORD1199,P019,Ракетка 236,Спорттовары,9,41.3,0.23,29.35
2026-01-27,S01,ORD1200,P003,Велосипед 587,Спорттовары,8,56.44,0.17,27.34
2026-01-09,S02,ORD1200,P028,Фрукты 831,Продукты,10,157.61,0.05,74.65
2026-01-01,S06,ORD1200,P006,Молоко 255,Продукты,2,57.27,0.24,37.77
2026-01-25,S06,ORD1200,P014,Велосипед 249,Спорттовары,6,202.27,0.06,89.42
2026-01-17,S01,ORD1200,P019,Ракетка 236,Спорттовары,6,37.92,0.26,29.35
2026-01-17,S03,ORD1200,P005,Тушь 56,Косметика,10,88.19,0.25,54.42
2026-01-01,S04,ORD1200,P003,Велосипед 587,Спорттовары,-2,53.63,0.06,27.34
2026-01-08,S03,ORD1200,P016,Футболка 476,Одежда,10,100.09,0.03,39.14
2026-01-21,S05,ORD1201,P006,Молоко 255,Продукты,6,66.62,0.04,37.77
2026-01-07,S05,ORD1202,P016,Футболка 476,Одежда,6,83.87,0.23,39.14
2026-01-22,S01,ORD1202,P030,Учебник 722,Книги,9,133.11,0.28,70.51
2026-01-07,S04,ORD1202,P012,Кукла 282,Игрушки,3,158.09,0.0,95.39
2026-01-11,S04,ORD1202,P008,Планшет 671,Электроника,10,174.5,0.06,106.93
2026-01-08,S03,ORD1203,P003,Велосипед 587,Спорттовары,2,49.32,0.05,27.34
2025-12-29,S06,ORD1203,P002,Велосипед 20,Спорттовары,8,176.95,0.27,70.77
2026-01-12,S01,ORD1204,P002,Велосипед 20,Спорттовары,5,169.54,0.0,70.77
2026-01-07,S04,ORD1204,P028,Фрукты 831,Продукты,4,153.42,0.21,74.65
2026-01-25,S06,ORD1205,P003,Велосипед 587,Спорттовары,4,48.4,0.18,27.34
2026-01-18,S06,ORD1206,P007,Планшет 460,Электроника,9,490.81,0.07,335.42
2026-01-20,S04,ORD1207,P025,Шампунь 336,,10,129.78,0.03,68.33
2026-01-18,S04,ORD1207,P027,Духи 975,Косметика,9,70.88,0.19,38.66
2026-01-08,S02,ORD1208,P014,Велосипед 249,Спорттовары,7,221.68,0.11,89.42
2026-01-16,S04,ORD1208,P015,Пазл 138,Игрушки,5,129.11,0.27,73.72
2026-01-25,S02,ORD1209,P013,Обувь 452,Одежда,1,290.72,0.03,164.56
2026-01-20,S04,ORD1209,P002,Велосипед 20,Спорттовары,10,186.35,0.05,70.77
2026-01-05,S05,ORD1209,P020,Сыр 852,Продукты,9,64.23,0.12,41.59
2026-01-09,S02,ORD1209,P004,Учебник 814,Книги,3,97.33,0.01,46.39
2026-01-04,S05,ORD1209,P002,Велосипед 20,Спорттовары,9,175.25,0.28,70.77
2026-01-10,S04,ORD1210,P030,Учебник 722,Книги,1,130.87,0.18,70.51
2026-01-01,S02,ORD1211,P003,Велосипед 587,Спорттовары,3,54.72,0.18,27.34
2026-01-22,S05,ORD1212,P006,Молоко 255,Продукты,6,63.67,0.23,37.77
2026-01-02,S05,ORD1212,P023,Мяч 526,Спорттовары,7,142.02,0.09,63.9
2026-01-20,S03,ORD1212,P006,Молоко 255,Продукты,3,65.74,0.25,37.77
2026-01-19,S02,ORD1213,P026,Тушь 576,Косметика,3,78.43,0.15,56.91
2026-01-26,S03,ORD1213,P020,Сыр 852,Продукты,6,74.19,0.09,41.59
2026-01-18,S01,ORD1214,P015,Пазл 138,Игрушки,4,134.78,0.22,73.72
2026-01-22,S05,ORD1214,P004,Учебник 814,Книги,2,108.53,0.12,46.39
2026-01-12,S02,ORD1214,P023,Мяч 526,Спорттовары,5,150.15,0.36,63.9
2026-01-07,S01,ORD1214,P023,Мяч 526,Спорттовары,3,147.79,0.27,63.9
2026-01-06,S05,ORD1215,P006,Молоко 255,Продукты,8,65.23,0.29,37.77
2026-01-09,S04,ORD1215,P001,Машинка 380,Игрушки,9,104.13,0.05,55.66
2026-01-21,S01,ORD1216,P007,Планшет 460,,8,499.59,0.15,335.42
2026-01-24,S06,ORD1216,P001,Машинка 380,Игрушки,8,109.54,0.22,55.66
2026-01-26,S02,ORD1216,P008,Планшет 671,Электроника,2,165.01,0.28,106.93
2026-01-13,S03,ORD1216,P029,Джинсы 267,Одежда,5,88.65,0.29,65.05
2026-01-13,S05,ORD1217,P001,Машинка 380,Игрушки,-4,102.44,0.04,55.66
2026-01-25,S06,ORD1217,P027,Духи 975,Косметика,10,77.83,0.15,38.66
2026-01-08,S02,ORD1218,P010,Сыр 218,Продукты,5,106.44,0.1,46.52
2026-01-04,S01,ORD1219,P030,Учебник 722,Книги,1,118.93,0.25,70.51
2026-01-10,S01,ORD1220,P018,Детектив 359,Книги,3,150.07,0.22,81.01
2026-01-16,S06,ORD1220,P014,Велосипед 249,Спорттовары,6,232.88,0.12,89.42
2026-01-16,S06,ORD1220,P028,Фрукты 831,Продукты,5,161.71,0.01,74.65
2026-01-18,S06,ORD1220,P025,Шампунь 336,Косметика,4,154.89,0.03,68.33
2026-01-10,S05,ORD1221,P011,Тушь 581,Косметика,1,141.81,0.18,64.99
2026-01-03,S01,ORD1222,P015,Пазл 138,Игрушки,5,129.08,0.3,73.72
2026-01-23,S02,ORD1222,P020,Сыр 852,Продукты,7,74.64,0.23,41.59
2026-01-10,S03,ORD1222,P010,Сыр 218,Продукты,6,98.6,0.05,46.52
2026-01-16,S01,ORD1223,P017,Пазл 934,Игрушки,9,95.39,0.25,48.73
2026-01-08,S01,ORD1223,P003,Велосипед 587,Спорттовары,7,48.65,0.04,27.34
2026-01-16,S04,ORD1224,P029,Джинсы 267,Одежда,1,105.65,0.05,65.05
2026-01-25,S06,ORD1224,P011,Тушь 581,Косметика,9,142.65,0.08,64.99
2026-01-18,S06,ORD1224,P010,Сыр 218,Продукты,5,95.93,0.04,46.52
2026-01-02,S03,ORD1224,P017,Пазл 934,Игрушки,2,95.34,0.14,48.73
2026-01-05,S04,ORD1225,P016,Футболка 476,Одежда,2,87.96,0.03,39.14
2026-01-17,S05,ORD1225,P022,Ноутбук 326,Электроника,4,855.47,0.99,666.64
2026-01-08,S04,ORD1225,P010,Сыр 218,Продукты,1,96.68,0.28,46.52
2026-01-15,S06,ORD1225,P029,Джинсы 267,Одежда,10,105.17,0.07,65.05
2026-01-11,S02,ORD1225,P019,Ракетка 236,Спорттовары,8,37.74,0.12,29.35
2026-01-06,S02,ORD1226,P018,Детектив 359,,1,145.26,0.25,81.01
2026-01-16,S06,ORD1227,P010,Сыр 218,Продукты,5,99.06,0.13,46.52
2026-01-16,S04,ORD1227,P013,Обувь 452,Одежда,10,279.53,0.15,164.56
2026-01-17,S06,ORD1228,P005,Тушь 56,Косметика,3,84.11,0.12,54.42
2026-01-25,S04,ORD1228,P015,Пазл 138,Игрушки,10,155.82,0.04,73.72
2025-12-28,S02,ORD1229,P003,Велосипед 587,Спорттовары,8,47.99,0.01,27.34
2026-01-08,S04,ORD1229,P011,Тушь 581,,6,143.32,0.14,64.99
2026-01-20,S03,ORD1229,P019,Ракетка 236,Спорттовары,1,38.34,0.16,29.35
2026-01-22,S01,ORD1229,P010,Сыр 218,Продукты,9,90.83,0.28,46.52
2026-01-16,S04,ORD1230,P028,Фрукты 831,Продукты,4,133.57,1.14,74.65
2026-01-10,S01,ORD1231,P027,Духи 975,Косметика,4,79.19,0.27,38.66
2026-01-26,S01,ORD1231,P005,Тушь 56,Косметика,7,82.07,0.15,54.42
2026-01-22,S05,ORD1231,P020,Сыр 852,Продукты,4,66.14,0.09,41.59
2026-01-23,S06,ORD1231,P023,Мяч 526,Спорттовары,5,148.17,0.2,63.9
2026-01-07,S01,ORD1231,P001,Машинка 380,Игрушки,2,113.71,0.23,55.66
2026-01-14,S06,ORD1231,P019,Ракетка 236,Спорттовары,9,42.76,0.11,29.35
2026-01-09,S03,ORD1231,P026,Тушь 576,Косметика,5,77.23,0.01,56.91
2026-01-10,S04,ORD1232,P029,Джинсы 267,Одежда,7,105.81,0.26,65.05
2026-01-14,S06,ORD1232,P002,Велосипед 20,Спорттовары,1,162.18,0.09,70.77
2026-01-20,S02,ORD1233,P015,Пазл 138,Игрушки,8,149.27,0.29,73.72
2026-01-03,S04,ORD1233,P007,Планшет 460,Электроника,10,554.68,0.04,335.42
2025-12-28,S03,ORD1233,P022,Ноутбук 326,Электроника,3,922.54,0.29,666.64
2026-01-17,S01,ORD1233,P020,Сыр 852,Продукты,7,64.8,0.69,41.59
2026-01-06,S04,ORD1233,P021,Пазл 94,Игрушки,3,38.54,0.06,23.01
2025-12-31,S02,ORD1233,P026,Тушь 576,Косметика,2,85.19,0.09,56.91
2026-01-14,S01,ORD1234,P026,Тушь 576,Косметика,4,85.58,0.07,56.91
2026-01-10,S04,ORD1234,P016,Футболка 476,Одежда,4,-5.23,0.19,39.14
2026-01-09,S05,ORD1234,P005,Тушь 56,Косметика,5,92.08,0.08,54.42
2026-01-12,S03,ORD1234,P010,Сыр 218,Продукты,5,93.47,0.01,46.52
2025-12-29,S05,ORD1234,P024,Молоко 535,Продукты,2,144.36,0.71,95.23
2026-01-15,S04,ORD1234,P029,Джинсы 267,Одежда,8,94.04,0.0,65.05
2026-01-18,S05,ORD1235,P020,Сыр 852,Продукты,3,76.13,0.13,41.59
2026-01-22,S02,ORD1235,P009,Ракетка 885,Спорттовары,5,137.04,0.15,64.37
2026-01-10,S06,ORD1235,P018,Детектив 359,Книги,4,140.19,0.16,81.01
2026-01-01,S06,ORD1236,P023,Мяч 526,,5,152.19,0.05,63.9
2025-12-28,S04,ORD1236,P013,Обувь 452,Одежда,6,287.55,0.11,164.56
2025-12-28,S01,ORD1236,P001,Машинка 380,Игрушки,10,107.96,0.03,55.66
2026-01-03,S06,ORD1237,P005,Тушь 56,Косметика,2,79.88,0.27,54.42
2026-01-03,S05,ORD1237,P019,Ракетка 236,Спорттовары,2,42.62,0.29,29.35
2026-01-17,S04,ORD1237,P026,Тушь 576,Косметика,4,79.72,0.23,56.91
2025-12-30,S06,ORD1238,P018,Детектив 359,Книги,3,-59.48,0.27,81.01
2026-01-02,S04,ORD1239,P026,Тушь 576,Косметика,5,75.07,0.13,56.91
2026-01-26,S04,ORD1239,P008,Планшет 671,Электроника,5,-50.96,0.25,106.93
2026-01-13,S06,ORD1239,P015,Пазл 138,Игрушки,2,132.72,0.03,73.72
2025-12-29,S04,ORD1239,P002,Велосипед 20,Спорттовары,6,186.43,0.16,70.77
2026-01-06,S02,ORD1239,P030,Учебник 722,Книги,9,125.66,0.17,70.51
2026-01-12,S02,ORD1240,P013,Обувь 452,Одежда,4,320.36,0.01,164.56
2025-12-31,S05,ORD1240,P011,Тушь 581,Косметика,-3,134.79,0.28,64.99
2026-01-13,S02,ORD1240,P028,Фрукты 831,Продукты,2,137.24,0.11,74.65
2026-01-21,S06,ORD1241,P013,Обувь 452,Одежда,6,281.58,0.11,164.56
2026-01-10,S03,ORD1241,P022,Ноутбук 326,Электроника,7,811.63,0.27,666.64
2026-01-19,S04,ORD1242,P028,Фрукты 831,Продукты,5,148.21,0.03,74.65
2026-01-20,S03,ORD1242,P028,Фрукты 831,Продукты,7,140.18,0.19,74.65
2026-01-17,S04,ORD1242,P013,Обувь 452,Одежда,6,298.73,0.08,164.56
2026-01-21,S04,ORD1242,P015,Пазл 138,Игрушки,3,129.87,0.65,73.72
2026-01-01,S06,ORD1243,P012,Кукла 282,Игрушки,2,170.22,0.18,95.39
2026-01-16,S06,ORD1243,P019,Ракетка 236,Спорттовары,4,41.23,0.06,29.35
2025-12-28,S06,ORD1243,P005,Тушь 56,Косметика,10,78.26,0.03,54.42
2026-01-10,S06,ORD1243,P030,Учебник 722,Книги,1,125.68,0.23,70.51
2026-01-01,S03,ORD1243,P006,Молоко 255,Продукты,6,57.44,0.12,37.77
2026-01-19,S05,ORD1243,P029,Джинсы 267,Одежда,9,105.61,0.29,65.05
2026-01-10,S03,ORD1244,P016,Футболка 476,Одежда,7,96.93,0.07,39.14
2026-01-25,S05,ORD1244,P008,Планшет 671,Электроника,6,192.55,0.23,106.93
2026-01-13,S04,ORD1244,P027,Духи 975,Косметика,9,69.8,0.13,38.66
2026-01-17,S04,ORD1244,P026,Тушь 576,Косметика,10,87.29,0.28,56.91
2026-01-19,S02,ORD1244,P017,Пазл 934,Игрушки,2,97.45,0.21,48.73
2026-01-09,S05,ORD1244,P026,Тушь 576,Косметика,9,88.84,0.05,56.91
2026-01-13,S01,ORD1244,P015,Пазл 138,Игрушки,7,155.4,0.28,73.72
2026-01-16,S05,ORD1244,P025,Шампунь 336,Косметика,3,133.28,0.12,68.33
2026-01-20,S05,ORD1244,P025,Шампунь 336,Косметика,3,150.43,0.02,68.33
2026-01-06,S02,ORD1244,P013,Обувь 452,Одежда,7,290.15,0.09,164.56
2026-01-27,S06,ORD1244,P007,Планшет 460,,4,487.89,0.24,335.42
2026-01-15,S06,ORD1244,P021,Пазл 94,Игрушки,7,44.5,0.25,23.01
2026-01-21,S04,ORD1245,P026,Тушь 576,Косметика,5,83.09,0.23,56.91
2026-01-18,S01,ORD1245,P027,Духи 975,Косметика,7,80.72,0.05,38.66
2026-01-12,S03,ORD1246,P016,Футболка 476,Одежда,4,92.17,0.03,39.14
2026-01-05,S05,ORD1247,P025,Шампунь 336,,7,147.68,0.13,68.33
2026-01-02,S03,ORD1248,P022,Ноутбук 326,Электроника,3,975.41,0.0,666.64
2026-01-09,S04,ORD1248,P010,Сыр 218,Продукты,2,102.42,0.24,46.52
2026-01-18,S06,ORD1248,P002,Велосипед 20,Спорттовары,1,170.69,0.29,70.77
2026-01-08,S06,ORD1249,P018,Детектив 359,Книги,2,151.2,0.08,81.01
2026-01-16,S05,ORD1250,P024,Молоко 535,Продукты,7,148.0,0.09,95.23
2026-01-18,S06,ORD1250,P023,Мяч 526,Спорттовары,9,155.32,0.25,63.9
2026-01-07,S04,ORD1250,P010,Сыр 218,Продукты,10,107.93,0.27,46.52
2026-01-20,S02,ORD1250,P009,Ракетка 885,Спорттовары,10,131.88,0.01,64.37
2025-12-30,S04,ORD1251,P026,Тушь 576,Косметика,3,83.46,0.2,56.91
2026-01-07,S01,ORD1251,P019,Ракетка 236,Спорттовары,1,39.56,0.02,29.35
2026-01-21,S03,ORD1252,P023,Мяч 526,Спорттовары,3,142.96,-0.06,63.9
2026-01-07,S05,ORD1252,P024,Молоко 535,Продукты,3,149.84,0.0,95.23
2026-01-20,S06,ORD1252,P030,Учебник 722,Книги,6,141.03,0.3,70.51
2026-01-22,S06,ORD1252,P018,Детектив 359,Книги,9,137.01,0.04,81.01
2026-01-05,S06,ORD1253,P011,Тушь 581,Косметика,3,144.07,0.05,64.99
2026-01-24,S02,ORD1253,P004,Учебник 814,,10,96.52,0.23,46.39
2026-01-04,S01,ORD1254,P019,Ракетка 236,Спорттовары,2,43.8,0.17,29.35
2026-01-02,S06,ORD1254,P020,Сыр 852,Продукты,5,74.84,0.1,41.59
2026-01-15,S03,ORD1255,P027,Духи 975,Косметика,5,79.41,0.16,38.66
2026-01-26,S02,ORD1255,P012,Кукла 282,Игрушки,8,183.29,0.27,95.39
2026-01-20,S03,ORD1256,P010,Сыр 218,Продукты,5,92.9,0.03,46.52
2026-01-21,S05,ORD1256,P009,Ракетка 885,Спорттовары,1,116.57,0.23,64.37
2026-01-03,S01,ORD1256,P016,Футболка 476,Одежда,9,86.62,0.05,39.14
2026-01-27,S03,ORD1257,P025,Шампунь 336,Косметика,6,140.89,0.14,68.33
2026-01-18,S05,ORD1258,P002,Велосипед 20,Спорттовары,8,158.22,0.2,70.77
2026-01-09,S01,ORD1258,P016,Футболка 476,Одежда,4,88.99,0.28,39.14
2026-01-19,S05,ORD1259,P011,Тушь 581,Косметика,8,131.0,0.19,64.99
2026-01-24,S03,ORD1259,P013,Обувь 452,Одежда,2,288.96,0.26,164.56
2026-01-11,S05,ORD1259,P004,Учебник 814,Книги,9,97.16,0.16,46.39
2026-01-07,S06,ORD1259,P003,Велосипед 587,,6,53.9,0.01,27.34
2026-01-26,S04,ORD1259,P013,Обувь 452,Одежда,-2,310.94,0.29,164.56
2026-01-21,S06,ORD1259,P014,Велосипед 249,Спорттовары,6,202.39,0.25,89.42
2026-01-06,S04,ORD1260,P005,Тушь 56,Косметика,1,90.96,0.27,54.42
2026-01-21,S03,ORD1260,P016,Футболка 476,Одежда,1,96.87,0.28,39.14
2026-01-23,S04,ORD1260,P003,Велосипед 587,Спорттовары,5,48.15,0.21,27.34
2026-01-10,S01,ORD1260,P020,Сыр 852,Продукты,8,73.68,0.28,41.59
2025-12-30,S05,ORD1261,P028,Фрукты 831,,9,135.14,0.11,74.65
2026-01-12,S04,ORD1261,P021,Пазл 94,,10,43.01,0.25,23.01
2025-12-28,S06,ORD1262,P018,Детектив 359,Книги,7,136.15,0.15,81.01
2026-01-22,S05,ORD1262,P016,Футболка 476,Одежда,5,88.18,0.11,39.14
2026-01-20,S03,ORD1262,P023,Мяч 526,Спорттовары,5,149.82,0.07,63.9
2025-12-29,S04,ORD1262,P026,Тушь 576,Косметика,4,87.97,0.0,56.91
2026-01-18,S02,ORD1263,P027,Духи 975,Косметика,6,78.63,0.09,38.66
2026-01-01,S01,ORD1263,P003,Велосипед 587,Спорттовары,5,48.78,0.26,27.34
2026-01-08,S04,ORD1264,P022,Ноутбук 326,Электроника,1,978.91,0.07,666.64
2025-12-30,S06,ORD1264,P006,Молоко 255,Продукты,6,64.96,0.19,37.77
2026-01-17,S06,ORD1264,P004,Учебник 814,Книги,3,-29.85,0.14,46.39
2025-12-31,S03,ORD1264,P028,Фрукты 831,Продукты,2,156.18,0.05,74.65
2026-01-14,S01,ORD1264,P017,Пазл 934,Игрушки,1,103.57,0.06,48.73
2026-01-12,S05,ORD1264,P006,Молоко 255,Продукты,2,66.21,0.24,37.77
2026-01-24,S02,ORD1265,P017,Пазл 934,Игрушки,2,99.55,0.22,48.73
2026-01-07,S01,ORD1265,P003,Велосипед 587,Спорттовары,10,49.81,0.03,27.34
2026-01-27,S02,ORD1265,P025,Шампунь 336,Косметика,2,145.36,0.24,68.33
2026-01-12,S04,ORD1265,P024,Молоко 535,Продукты,3,143.91,0.12,95.23
2026-01-19,S03,ORD1265,P019,Ракетка 236,Спорттовары,4,38.39,0.14,29.35
2026-01-18,S04,ORD1265,P002,Велосипед 20,Спорттовары,6,184.2,0.26,70.77
2026-01-14,S06,ORD1266,P014,Велосипед 249,Спорттовары,7,234.57,0.27,89.42
2026-01-06,S01,ORD1266,P015,Пазл 138,Игрушки,2,138.76,0.04,73.72
2026-01-11,S03,ORD1266,P007,Планшет 460,Электроника,7,481.54,0.14,335.42
2026-01-18,S04,ORD1266,P013,Обувь 452,Одежда,4,301.08,0.2,164.56
2025-12-30,S06,ORD1266,P001,Машинка 380,Игрушки,2,115.25,0.07,55.66
2026-01-19,S04,ORD1266,P026,Тушь 576,Косметика,2,81.56,0.21,56.91
2026-01-08,S03,ORD1267,P022,Ноутбук 326,Электроника,2,804.06,0.26,666.64
2026-01-06,S05,ORD1268,P019,Ракетка 236,Спорттовары,10,41.76,0.03,29.35
2026-01-19,S05,ORD1269,P005,Тушь 56,Косметика,4,87.52,0.07,54.42
2026-01-05,S06,ORD1269,P008,Планшет 671,Электроника,6,162.16,0.23,106.93
2025-12-29,S06,ORD1270,P028,Фрукты 831,Продукты,5,157.91,0.26,74.65
2026-01-14,S03,ORD1270,P029,Джинсы 267,Одежда,5,103.43,0.02,65.05
2026-01-27,S04,ORD1271,P012,Кукла 282,Игрушки,7,163.7,0.15,95.39
2026-01-07,S05,ORD1271,P026,Тушь 576,Косметика,3,78.83,0.19,56.91
2026-01-15,S06,ORD1272,P004,Учебник 814,Книги,6,111.95,0.06,46.39
2025-12-28,S04,ORD1272,P009,Ракетка 885,Спорттовары,-1,132.04,0.19,64.37
2026-01-04,S04,ORD1272,P003,Велосипед 587,Спорттовары,3,47.39,0.05,27.34
2026-01-21,S03,ORD1272,P026,Тушь 576,Косметика,7,84.96,0.26,56.91
2026-01-22,S01,ORD1272,P018,Детектив 359,Книги,9,159.79,0.25,81.01
2026-01-12,S06,ORD1272,P002,Велосипед 20,Спорттовары,8,164.12,0.28,70.77
2026-01-06,S02,ORD1272,P028,Фрукты 831,Продукты,5,132.94,0.07,74.65
2026-01-02,S04,ORD1272,P008,Планшет 671,Электроника,4,183.79,0.14,106.93
2026-01-18,S02,ORD1272,P017,Пазл 934,Игрушки,4,106.69,0.03,48.73
2026-01-03,S05,ORD1272,P007,Планшет 460,Электроника,6,549.13,0.09,335.42
2026-01-22,S05,ORD1272,P003,Велосипед 587,Спорттовары,5,49.03,0.09,27.34
2026-01-24,S03,ORD1272,P002,Велосипед 20,Спорттовары,3,169.6,0.21,70.77
2026-01-02,S06,ORD1272,P026,Тушь 576,,7,85.2,0.13,56.91
2025-12-30,S06,ORD1272,P012,Кукла 282,Игрушки,2,160.68,0.12,95.39
2025-12-31,S05,ORD1273,P030,Учебник 722,,5,139.54,0.04,70.51
2025-12-30,S06,ORD1273,P023,Мяч 526,Спорттовары,7,154.08,0.01,63.9
2026-01-27,S04,ORD1274,P013,Обувь 452,,6,280.03,0.06,164.56
2026-01-14,S05,ORD1274,P017,Пазл 934,Игрушки,3,110.62,0.26,48.73
2026-01-02,S05,ORD1275,P004,Учебник 814,Книги,1,110.65,0.13,46.39
2026-01-02,S01,ORD1275,P008,Планшет 671,Электроника,2,175.11,0.27,106.93
2026-01-16,S04,ORD1275,P026,Тушь 576,Косметика,9,89.41,0.06,56.91
2026-01-27,S05,ORD1275,P020,Сыр 852,Продукты,10,77.66,0.04,41.59
2026-01-08,S05,ORD1276,P022,Ноутбук 326,Электроника,7,822.45,0.21,666.64
2026-01-10,S01,ORD1276,P003,Велосипед 587,Спорттовары,2,55.3,0.21,27.34
2026-01-03,S04,ORD1277,P007,Планшет 460,Электроника,10,517.1,0.3,335.42
2026-01-27,S03,ORD1277,P024,Молоко 535,Продукты,-2,137.54,0.27,95.23
2025-12-30,S03,ORD1277,P008,Планшет 671,Электроника,3,168.23,0.05,106.93
2026-01-10,S03,ORD1277,P002,Велосипед 20,Спорттовары,4,176.8,0.19,70.77
2026-01-04,S03,ORD1277,P007,Планшет 460,Электроника,7,497.61,0.05,335.42
2026-01-12,S02,ORD1277,P014,Велосипед 249,Спорттовары,1,195.78,0.23,89.42
2025-12-30,S05,ORD1278,P021,Пазл 94,Игрушки,5,44.21,0.11,23.01
2026-01-10,S03,ORD1278,P012,Кукла 282,Игрушки,10,177.32,0.19,95.39
2026-01-14,S04,ORD1278,P030,Учебник 722,Книги,5,122.66,0.11,70.51
2026-01-09,S01,ORD1279,P003,Велосипед 587,Спорттовары,3,56.65,0.29,27.34
2026-01-20,S01,ORD1279,P007,Планшет 460,Электроника,2,458.85,0.14,335.42
2026-01-18,S03,ORD1279,P020,Сыр 852,Продукты,3,73.66,0.11,41.59
2025-12-29,S02,ORD1279,P021,Пазл 94,Игрушки,7,43.57,0.19,23.01
2026-01-18,S05,ORD1279,P005,Тушь 56,Косметика,2,83.49,0.03,54.42
2026-01-10,S03,ORD1279,P030,Учебник 722,Книги,1,131.44,0.08,70.51
2026-01-02,S01,ORD1279,P028,Фрукты 831,Продукты,10,149.69,0.2,74.65
2026-01-05,S02,ORD1279,P014,Велосипед 249,Спорттовары,2,209.22,0.28,89.42
2025-12-31,S03,ORD1279,P003,Велосипед 587,Спорттовары,8,51.56,0.25,27.34
2026-01-23,S03,ORD1279,P005,Тушь 56,Косметика,4,80.75,0.17,54.42
2026-01-13,S06,ORD1279,P005,Тушь 56,Косметика,9,87.12,0.17,54.42
2026-01-22,S03,ORD1279,P003,Велосипед 587,Спорттовары,2,54.07,0.46,27.34
2026-01-20,S04,ORD1279,P028,Фрукты 831,Продукты,4,161.55,0.14,74.65
2026-01-17,S03,ORD1279,P026,Тушь 576,Косметика,7,84.38,0.25,56.91
2026-01-17,S01,ORD1279,P005,Тушь 56,Косметика,6,77.54,0.28,54.42
2026-01-18,S04,ORD1279,P007,Планшет 460,Электроника,4,493.63,0.03,335.42
2026-01-16,S01,ORD1279,P008,Планшет 671,,3,178.8,0.21,106.93
2026-01-13,S06,ORD1280,P006,Молоко 255,Продукты,7,57.03,0.19,37.77
2026-01-01,S06,ORD1280,P029,Джинсы 267,Одежда,7,93.57,0.14,65.05
2026-01-06,S05,ORD1281,P002,Велосипед 20,Спорттовары,3,186.77,0.16,70.77
2026-01-01,S05,ORD1281,P027,Духи 975,Косметика,5,82.05,0.17,38.66
2026-01-19,S04,ORD1282,P025,Шампунь 336,Косметика,7,137.51,0.15,68.33
2026-01-07,S03,ORD1282,P002,Велосипед 20,Спорттовары,4,180.17,0.19,70.77
2025-12-31,S01,ORD1282,P013,Обувь 452,Одежда,3,291.65,0.26,164.56
2026-01-04,S02,ORD1282,P030,Учебник 722,Книги,2,132.57,0.24,70.51
2026-01-12,S02,ORD1283,P022,Ноутбук 326,Электроника,1,814.1,0.08,666.64
2026-01-04,S01,ORD1283,P005,Тушь 56,Косметика,8,84.72,0.09,54.42
2026-01-21,S04,ORD1284,P010,Сыр 218,Продукты,5,99.74,0.23,46.52
2025-12-28,S02,ORD1284,P028,Фрукты 831,Продукты,3,150.35,0.08,74.65
2026-01-03,S04,ORD1284,P016,Футболка 476,Одежда,4,96.43,0.22,39.14
2026-01-09,S05,ORD1284,P029,Джинсы 267,Одежда,7,102.35,0.02,65.05
2026-01-25,S01,ORD1285,P012,Кукла 282,Игрушки,3,164.79,0.18,95.39
2026-01-07,S02,ORD1285,P004,Учебник 814,Книги,6,103.91,0.22,46.39
2026-01-04,S01,ORD1285,P027,Духи 975,Косметика,1,72.86,0.25,38.66
2026-01-04,S04,ORD1285,P001,Машинка 380,Игрушки,2,101.35,0.25,55.66
2026-01-07,S01,ORD1285,P011,Тушь 581,Косметика,10,133.34,0.08,64.99
2025-12-30,S04,ORD1285,P006,Молоко 255,Продукты,2,55.71,0.1,37.77
2026-01-12,S06,ORD1286,P029,Джинсы 267,Одежда,4,99.22,0.12,65.05
2026-01-04,S06,ORD1286,P001,Машинка 380,Игрушки,2,100.94,0.07,55.66
2026-01-01,S06,ORD1286,P025,Шампунь 336,Косметика,8,142.93,0.1,68.33
2026-01-15,S03,ORD1287,P019,Ракетка 236,,7,39.4,0.26,29.35
2026-01-20,S02,ORD1288,P015,Пазл 138,Игрушки,10,154.84,-0.02,73.72
2026-01-04,S06,ORD1288,P006,Молоко 255,Продукты,5,65.09,0.29,37.77
2026-01-21,S03,ORD1289,P015,Пазл 138,Игрушки,3,149.68,0.04,73.72
2025-12-28,S06,ORD1289,P026,Тушь 576,Косметика,7,84.06,0.08,56.91
2026-01-21,S06,ORD1289,P024,Молоко 535,Продукты,10,125.57,0.07,95.23
2026-01-22,S02,ORD1289,P013,Обувь 452,Одежда,8,288.43,0.29,164.56
2026-01-10,S06,ORD1289,P020,Сыр 852,Продукты,8,71.6,0.21,41.59
2026-01-11,S05,ORD1289,P009,Ракетка 885,Спорттовары,2,140.92,0.22,64.37
2026-01-03,S03,ORD1290,P027,Духи 975,Косметика,3,69.37,0.18,38.66
2026-01-04,S03,ORD1290,P021,Пазл 94,Игрушки,4,41.07,-0.12,23.01
2026-01-02,S04,ORD1290,P012,Кукла 282,Игрушки,9,175.73,0.21,95.39
2026-01-01,S03,ORD1291,P029,Джинсы 267,Одежда,6,97.2,0.25,65.05
2026-01-15,S02,ORD1291,P004,Учебник 814,Книги,3,108.2,0.1,46.39
2026-01-19,S02,ORD1291,P020,Сыр 852,Продукты,9,64.65,0.06,41.59
2025-12-30,S04,ORD1292,P001,Машинка 380,Игрушки,5,110.81,0.26,55.66
2026-01-11,S04,ORD1292,P005,Тушь 56,Косметика,8,80.81,0.15,54.42
2026-01-11,S06,ORD1293,P017,Пазл 934,Игрушки,8,97.35,0.09,48.73
2026-01-03,S03,ORD1293,P013,Обувь 452,,8,268.24,0.21,164.56
2026-01-17,S01,ORD1294,P007,Планшет 460,Электроника,1,472.01,1.21,335.42
2026-01-27,S04,ORD1294,P002,Велосипед 20,Спорттовары,4,188.08,1.26,70.77
2026-01-26,S04,ORD1295,P027,Духи 975,Косметика,8,75.25,0.06,38.66
2026-01-02,S04,ORD1295,P002,Велосипед 20,Спорттовары,2,175.63,0.1,70.77
2026-01-10,S04,ORD1295,P007,Планшет 460,Электроника,3,513.47,0.06,335.42
2026-01-16,S06,ORD1296,P002,Велосипед 20,Спорттовары,10,187.75,0.05,70.77
2026-01-21,S06,ORD1297,P002,Велосипед 20,Спорттовары,2,180.78,0.06,70.77
2025-12-29,S02,ORD1297,P029,Джинсы 267,Одежда,1,95.57,0.28,65.05
2026-01-09,S05,ORD1298,P005,Тушь 56,Косметика,2,78.58,0.19,54.42
2026-01-13,S05,ORD1298,P010,Сыр 218,Продукты,5,92.04,0.06,46.52
2026-01-25,S01,ORD1298,P026,Тушь 576,Косметика,-2,89.85,0.03,56.91
2026-01-12,S03,ORD1299,P008,Планшет 671,Электроника,10,191.43,0.17,106.93
2026-01-16,S06,ORD1299,P015,Пазл 138,Игрушки,9,141.84,0.17,73.72
2026-01-20,S02,ORD1299,P016,Футболка 476,Одежда,1,97.8,0.29,39.14
2026-01-26,S04,ORD1300,P016,Футболка 476,Одежда,4,98.59,0.24,39.14
2026-01-10,S05,ORD1300,P006,Молоко 255,Продукты,10,66.83,0.12,37.77
2026-01-04,S05,ORD1300,P007,Планшет 460,Электроника,4,553.07,0.14,335.42
2026-01-14,S04,ORD1300,P006,Молоко 255,Продукты,10,59.38,0.28,37.77
2026-01-27,S05,ORD1300,P006,Молоко 255,Продукты,6,63.3,0.25,37.77
2026-01-21,S02,ORD1300,P003,Велосипед 587,Спорттовары,9,56.45,0.13,27.34
2026-01-18,S01,ORD1300,P011,Тушь 581,Косметика,3,136.22,0.01,64.99
2025-12-29,S04,ORD1300,P013,Обувь 452,Одежда,3,312.23,0.03,164.56
2026-01-17,S04,ORD1300,P016,Футболка 476,Одежда,9,98.79,0.16,39.14
2025-12-28,S02,ORD1300,P025,Шампунь 336,Косметика,9,138.23,0.19,68.33
2026-01-09,S05,ORD1300,P007,Планшет 460,Электроника,2,551.6,0.24,335.42
2026-01-19,S06,ORD1300,P023,Мяч 526,,4,136.14,1.34,63.9
2026-01-13,S01,ORD1301,P015,Пазл 138,Игрушки,10,148.51,0.21,73.72
2025-12-28,S05,ORD1301,P015,Пазл 138,Игрушки,1,129.36,0.17,73.72
2026-01-13,S02,ORD1301,P027,Духи 975,Косметика,5,74.79,0.29,38.66
2025-12-28,S06,ORD1301,P011,Тушь 581,Косметика,10,137.44,0.04,64.99
2026-01-10,S03,ORD1301,P006,Молоко 255,Продукты,7,60.8,0.22,37.77
2026-01-17,S01,ORD1302,P004,Учебник 814,Книги,9,110.19,0.24,46.39
2026-01-10,S06,ORD1303,P019,Ракетка 236,Спорттовары,1,44.27,0.02,29.35
2026-01-11,S06,ORD1303,P007,Планшет 460,Электроника,7,554.55,0.0,335.42
2026-01-27,S05,ORD1303,P030,Учебник 722,Книги,6,132.2,0.15,70.51
2025-12-29,S04,ORD1304,P017,Пазл 934,Игрушки,4,108.78,0.16,48.73
2026-01-25,S05,ORD1304,P012,Кукла 282,Игрушки,9,175.93,0.29,95.39
2025-12-30,S06,ORD1304,P017,Пазл 934,Игрушки,6,112.21,0.18,48.73
2026-01-15,S02,ORD1305,P013,Обувь 452,Одежда,6,283.22,0.08,164.56
2025-12-31,S05,ORD1305,P012,Кукла 282,Игрушки,6,184.88,0.03,95.39
2026-01-07,S06,ORD1305,P013,Обувь 452,Одежда,1,280.62,0.21,164.56
2026-01-06,S01,ORD1306,P029,Джинсы 267,Одежда,5,90.11,0.14,65.05
2026-01-04,S01,ORD1307,P012,Кукла 282,Игрушки,4,187.45,0.2,95.39
2026-01-13,S01,ORD1307,P007,Планшет 460,Электроника,5,530.65,0.02,335.42
2026-01-10,S05,ORD1308,P009,Ракетка 885,Спорттовары,4,135.15,0.02,64.37
2026-01-21,S02,ORD1308,P002,Велосипед 20,Спорттовары,4,172.27,0.2,70.77
2026-01-23,S02,ORD1309,P009,Ракетка 885,Спорттовары,2,123.17,0.07,64.37
2026-01-20,S05,ORD1309,P019,Ракетка 236,Спорттовары,-5,39.19,0.16,29.35
2026-01-26,S06,ORD1309,P005,Тушь 56,Косметика,7,90.97,0.16,54.42
2026-01-18,S03,ORD1309,P004,Учебник 814,Книги,9,98.87,0.3,46.39
2025-12-31,S06,ORD1310,P029,Джинсы 267,Одежда,4,105.52,0.12,65.05
2025-12-29,S03,ORD1310,P026,Тушь 576,Косметика,10,82.6,1.46,56.91
2026-01-17,S01,ORD1310,P004,Учебник 814,Книги,8,97.65,0.21,46.39
2026-01-26,S03,ORD1310,P023,Мяч 526,Спорттовары,8,152.31,0.18,63.9
2026-01-02,S04,ORD1311,P023,Мяч 526,Спорттовары,5,153.62,0.02,63.9
2026-01-17,S03,ORD1311,P014,Велосипед 249,Спорттовары,5,232.73,0.18,89.42
2026-01-27,S06,ORD1312,P018,Детектив 359,Книги,3,136.55,0.28,81.01
2026-01-11,S04,ORD1312,P015,Пазл 138,Игрушки,5,143.38,0.26,73.72
2026-01-14,S04,ORD1313,P016,Футболка 476,Одежда,4,96.32,0.11,39.14
2026-01-02,S01,ORD1313,P016,Футболка 476,Одежда,3,90.09,0.14,39.14
2026-01-08,S01,ORD1314,P002,Велосипед 20,,6,187.07,0.09,70.77
2025-12-31,S01,ORD1314,P028,Фрукты 831,Продукты,8,157.04,0.15,74.65
2026-01-12,S01,ORD1315,P020,Сыр 852,Продукты,3,64.04,0.29,41.59
2026-01-25,S06,ORD1315,P028,Фрукты 831,Продукты,7,156.1,0.24,74.65
2026-01-23,S06,ORD1316,P009,Ракетка 885,Спорттовары,8,130.69,0.13,64.37
2026-01-13,S01,ORD1316,P024,Молоко 535,Продукты,3,143.94,0.13,95.23
